,sin2_2theta,delta_m2,-2dllh_estimate_crit_0.5,-2dllh_estimate_crit_0.6,-2dllh_estimate_crit_0.7,-2dllh_estimate_crit_0.8,-2dllh_estimate_crit_0.85,-2dllh_estimate_crit_0.9,-2dllh_estimate_crit_0.95,-2dllh_estimate_crit_0.97,-2dllh_estimate_crit_0.99
0,0.0001,1.0,-0.07890358194708824,-0.051569455862045296,0.0008022876922040767,0.16413469910621645,0.3887962296605105,0.9836282134056097,2.4293216228485104,2.6051542806625365,3.1090624475479376
1,0.0001,1.2689610031679222,-0.060463862493634224,-0.013879446871578723,0.13018894046545024,0.40104964971542373,0.9620423465967164,1.202090811729433,2.732342779636383,3.0156467938423157,5.378144783973697
2,0.0001,1.6102620275609394,-0.10615639388561249,-0.05703924596309665,0.10861779302358626,0.3771694719791413,0.5138742625713347,1.3493138670921347,1.9348974049091316,2.8413599276542665,3.1964928627014237
3,0.0001,2.043359717856942,-0.10822908207774162,-0.05417896807193757,0.08313539922237391,0.20830852687358858,0.34033124148845656,0.4824656248092679,1.4748353362083433,1.6784631502628333,2.2952290630340597
4,0.0001,2.592943797404667,-0.04327948018908501,0.05073808580636973,0.20021725445985786,0.3640363514423371,0.5066151291131935,1.3411562085151685,2.8670408964157104,2.9289486551284796,4.8441100931167655
5,0.0001,3.2903445623126686,-0.014887814410030842,0.17136267423629759,0.4275979787111282,0.5680281043052674,0.6711585015058508,0.8587348461151135,1.3256628930568695,1.3978958344459536,2.650358271598818
6,0.0001,4.1753189365604015,-0.03512096591293812,0.08527698069810866,0.3020659744739531,0.5066454172134404,0.9375869125127783,1.212938511371613,2.1698236823081967,2.5539616918563843,2.7868186831474446
7,0.0001,5.298316906283708,-0.011821347288787365,0.3078434109687803,0.7899256527423857,1.3313361167907718,1.6093691647052748,2.0614295244216927,3.4253304481506333,4.204162578582764,4.402268781661991
8,0.0001,6.7233575364993365,0.14798782765865326,0.30699121952056885,0.5258317083120341,0.9981985092163086,1.4358386933803546,1.9496909141540533,2.62715698480606,3.344807033538819,4.119339013099685
9,0.0001,8.531678524172808,0.07325166836380959,0.30320901870727535,0.5013920903205872,0.9286595582962037,1.1938979923725128,1.510019850730898,2.2021174550056455,2.506760199069977,4.142548117637637
10,0.0001,10.826367338740546,0.08303239569067955,0.3016646027565002,0.7879600524902344,1.0483298301696777,1.7682680428028106,2.4039060831069947,3.4609778523445125,3.7324850463867194,5.390168948173558
11,0.0001,13.73823795883263,0.0791311226785183,0.39338185191154473,0.7994633734226226,1.1876957654953004,1.66187671422958,2.5621764183044444,3.700816476345062,5.144586229324346,11.985720186233523
12,0.0001,17.43328822199988,0.10852279514074326,0.2461658507585525,0.5973563849925994,1.133480024337769,1.4718988537788373,1.7614844918251054,3.4734421849250743,7.1582280874252335,8.439894390106227
13,0.0001,22.122162910704493,0.10777528211474419,0.1548046588897705,0.2909983098506926,0.8897953271865846,1.3547424137592314,1.7741670131683356,3.6260101556777933,5.68214807033539,9.548551797866843
14,0.0001,28.072162039411772,0.13099004328250885,0.17800066769123077,0.2599980801343918,0.5911882281303407,0.728795596957206,1.0232841014862073,1.4102512300014496,1.5370102429389962,3.2777921915054353
15,0.0001,35.62247890262442,0.23006081581115723,0.27943822741508484,0.39931594431400297,0.6724055051803589,0.8860830038785916,1.6498863339424135,2.282321166992187,2.591181755065918,5.576980142593388
16,0.0001,45.20353656360243,0.2550487369298935,0.2863986372947693,0.31562124788761137,0.39402260780334475,0.48962173759937033,1.1429774999618543,2.1593657851219152,3.2798532366752626,3.759384989738488
17,0.0001,57.36152510448679,0.255852073431015,0.2783584713935852,0.3373237133026123,0.4084268510341645,0.6911115020513532,1.1117056250572215,1.593216276168821,2.4164385700225846,4.678069200515755
18,0.0001,72.7895384398315,0.278937965631485,0.30397353768348695,0.35557429194450374,0.5195082545280457,0.7443827837705608,1.7787455201148998,3.4451140999793997,4.093305215835572,4.687107934951798
19,0.0001,92.36708571873861,0.2983759045600891,0.3493843197822571,0.5854869544506073,1.0788558006286624,1.367885065078735,1.918442928791048,3.3587914705276476,4.018334910869601,9.532267217636116
20,0.0001,117.21022975334806,0.28673405945301056,0.3464505672454834,0.44440480470657334,0.7974451780319215,0.9471281766891478,1.7264781832695013,2.4233781576156606,3.1919266176223755,6.68331303596498
21,0.0001,148.73521072935117,0.27930644154548645,0.3006277561187744,0.36117548048496245,0.4273350477218628,0.5559253484010696,0.7705206751823427,1.1853103101253504,4.6064348745346075,5.230812945365926
22,0.0001,188.73918221350976,0.320096030831337,0.381302398443222,0.5726796090602873,1.0255416631698613,1.3656281530857057,2.466900444030763,3.9841403245925897,5.684615702629089,7.379881176948578
23,0.0001,239.5026619987486,0.21150166541337967,0.25499799251556393,0.3073055952787399,0.4783603310585023,0.7893019080162041,1.2659671306610132,1.9063549399375914,2.9773281311988833,3.5457835626602616
24,0.0001,303.9195382313198,0.24137581139802933,0.2832940876483917,0.43326892256736754,0.6719418525695802,1.1083513557910871,2.028313636779787,2.963454115390777,6.089718542099001,8.067382240295421
25,0.0001,385.6620421163472,0.226963073015213,0.29753642082214354,0.42812463343143453,1.2126569747924805,1.8230165779590604,3.0208141565322886,3.575860178470611,3.734251394271851,5.625089240074208
26,0.0001,489.3900918477494,0.20583584904670715,0.3143937468528747,0.46744125187396995,1.282899022102356,1.5614989757537836,2.5424199581146256,3.54259979724884,5.553959994316101,6.741997327804566
27,0.0001,621.0169418915616,0.214028000831604,0.2943735063076019,0.48590652346611013,0.9979847908020021,1.2544084250926968,1.9519103884696984,3.1507814168930035,4.494848084449768,8.032711930275005
28,0.0001,788.0462815669912,0.2271912470459938,0.2672163248062134,0.4167195945978164,0.5973940968513489,0.9143823325633993,1.5478646874427813,2.4546213746070853,3.0385672211647083,10.93027248382571
29,0.0001,1000.0,0.19768840819597244,0.2877893567085266,0.4154020607471466,0.7714696526527411,1.2149849414825438,2.3745875835418704,3.0656513094902036,3.2986370396614073,4.318690347671515
30,0.00013738237958832623,1.0,-0.17232760787010193,-0.11964726597070696,0.01427035555243487,0.22439536750316622,0.618348106741905,0.8392966330051422,1.3260278761386854,1.9191123867034914,2.8019422531127947
31,0.00013738237958832623,1.2689610031679222,-0.10056310147047043,-0.045411838591098826,0.19462294727563853,0.38921563029289263,0.6624215483665457,1.2014698863029494,2.456520855426788,2.8907234930992134,6.017948622703579
32,0.00013738237958832623,1.6102620275609394,-0.09199490770697594,-0.009797873161733155,0.18079498857259746,0.41697981357574476,0.6126514852046963,1.599753332138062,3.1613820910453794,3.336166367530824,5.148921823501592
33,0.00013738237958832623,2.043359717856942,-0.10145401209592819,0.06755810528993605,0.3467652112245559,0.5550794720649719,0.8026393353939044,1.4650903344154365,2.5686368346214286,2.9693088054656984,4.433330750465394
34,0.00013738237958832623,2.592943797404667,-0.01910479925572872,0.17041997015476223,0.2909406810998917,0.5961336374282838,0.7902314543724059,1.025517213344575,2.7223227977752686,3.0753539252281197,4.127577271461506
35,0.00013738237958832623,3.2903445623126686,0.20267528295516968,0.4951632738113403,0.7934677839279174,1.20764536857605,1.7080321490764616,2.311968994140625,3.473658037185667,4.3153488016128545,5.980968689918523
36,0.00013738237958832623,4.1753189365604015,0.16296543180942535,0.34580079913139344,0.658429044485092,1.1103697776794437,1.4151779174804684,2.201520299911502,3.43294084072113,3.5712700700759887,4.098032612800609
37,0.00013738237958832623,5.298316906283708,0.22113077342510223,0.3403610348701477,0.6965460538864133,1.470425009727478,1.682460230588913,1.939413595199587,2.4625803351402284,2.7869552087783815,3.4449725818634107
38,0.00013738237958832623,6.7233575364993365,0.34652863442897797,0.8593822240829464,1.2117570757865905,1.762736463546753,2.1460008978843685,2.8692820787429816,3.387539029121399,3.4660722589492807,4.693379120826724
39,0.00013738237958832623,8.531678524172808,0.059508441016077995,0.4033004283905029,0.5383325695991515,0.8619444727897646,1.0683515429496762,1.335595750808716,1.6034328937530506,2.0003568065166473,2.3213065195083753
40,0.00013738237958832623,10.826367338740546,0.24064863473176956,0.5495079159736633,0.8754488766193389,1.6453634023666381,2.5769875168800347,3.0674810171127325,3.8127542734146087,5.663915491104127,7.395585608482388
41,0.00013738237958832623,13.73823795883263,0.11290019005537033,0.3133877456188202,0.7301739037036895,1.2684998750686645,1.5537250280380237,2.2683468341827404,2.5482088327407832,3.407752659320831,3.8078607535362266
42,0.00013738237958832623,17.43328822199988,0.19113261252641678,0.3055789232254028,0.5963885426521301,1.2632002592086795,1.637738925218582,2.034822821617127,2.538770627975463,3.0935987091064456,7.194933972358735
43,0.00013738237958832623,22.122162910704493,0.19654150307178497,0.3692262828350067,0.7333481907844542,1.127994704246521,1.395773339271545,1.750005900859833,1.8600632607936858,1.9371112406253819,2.666799199581147
44,0.00013738237958832623,28.072162039411772,0.21233892440795898,0.2577684342861175,0.38159512281417846,0.8474974870681767,1.296968638896942,1.7711730122566223,2.393364357948303,2.4930137586593637,3.540570118427308
45,0.00013738237958832623,35.62247890262442,0.28878043591976166,0.3490052342414856,0.4518682062625884,0.8296120524406434,1.1634769141674033,1.3660354018211367,1.7504790365695937,2.4656653118133556,3.4202737069129983
46,0.00013738237958832623,45.20353656360243,0.32850080728530884,0.36008505821228026,0.4017900079488754,0.5085368633270264,0.8630749911069868,1.3020621061325075,2.2550363302230827,3.096793894767761,4.746540060043383
47,0.00013738237958832623,57.36152510448679,0.3132079392671585,0.3506895363330841,0.4172762662172317,0.7388756394386292,0.8745601683855055,1.3835679769515996,2.5237844109535215,3.0524604511261,5.841973452568066
48,0.00013738237958832623,72.7895384398315,0.28663742542266846,0.3145581781864166,0.3634310394525528,0.5700322508811951,0.8049086064100259,1.1176278710365328,2.0519561052322386,2.6157439160346985,3.3620794963836675
49,0.00013738237958832623,92.36708571873861,0.32711508870124817,0.36568554043769835,0.4195867985486984,0.5818955302238465,0.8554825574159621,1.1826430559158354,2.1705573439598074,3.1480598855018616,4.0540607929229795
50,0.00013738237958832623,117.21022975334806,0.31163907051086426,0.34870036244392394,0.4947038352489471,0.6653205037117008,0.9868161559104915,1.6126195549964912,2.273100733757018,2.658010907173157,3.7486335325241105
51,0.00013738237958832623,148.73521072935117,0.3097308725118637,0.37280908823013303,0.4641960740089416,0.7755714058876039,1.0094612121582027,1.3485427618026737,2.1889276266098023,2.39056486606598,4.983789124488853
52,0.00013738237958832623,188.73918221350976,0.3423960208892822,0.38902454972267153,0.4936971127986907,0.7732751965522768,1.138506847620009,1.9856560587883032,2.8463159322738645,3.3264000082015994,4.284783124923706
53,0.00013738237958832623,239.5026619987486,0.2923172563314438,0.33805488944053647,0.41741713881492615,0.6323900222778323,0.789938861131668,0.9985018789768224,1.6677848398685453,2.003535606861115,3.5246352839470134
54,0.00013738237958832623,303.9195382313198,0.3397413641214371,0.4617705583572388,0.6188405334949493,1.2464921474456787,1.4230206668376921,1.7443611264228829,2.2081024050712585,2.7487554121017475,5.596702947616583
55,0.00013738237958832623,385.6620421163472,0.3102589547634125,0.3775751769542694,0.49367961287498474,0.9150221943855287,1.228211683034896,2.238314867019654,3.1524300336837765,4.009318423271179,5.699139223098761
56,0.00013738237958832623,489.3900918477494,0.3296743631362915,0.3774835586547851,0.6609290003776549,1.2628101110458383,1.6315236330032346,1.824580359458926,3.822653353214264,6.001439228057862,6.545598783493056
57,0.00013738237958832623,621.0169418915616,0.3188205659389496,0.4166691184043884,0.5570062637329101,0.6993997812271118,0.8326977789402005,1.2010680198669434,1.7599376857280717,2.2439613080024725,4.107207331657446
58,0.00013738237958832623,788.0462815669912,0.2632235884666443,0.31482137441635133,0.4212214350700378,0.7455726981163027,1.0921914577484129,2.019714021682741,2.962510776519775,3.995197653770447,5.435713553428656
59,0.00013738237958832623,1000.0,0.29392217099666595,0.3317552268505096,0.37845571339130396,0.6957759022712714,1.284522497653961,2.2605460882186903,3.4901581287384023,4.240219626426698,6.6293427753448615
60,0.00018873918221350977,1.0,-0.22085630148649216,-0.1747827023267746,0.15396681725978845,0.4958020746707916,0.8192602276802047,1.430626654624939,2.484025573730468,2.9263794207572937,4.823212733268738
61,0.00018873918221350977,1.2689610031679222,-0.09124861657619476,-0.01318782605230809,0.17368131875991807,0.3817953944206238,0.7542812585830684,1.412494027614594,2.344137322902679,2.7209806394577036,3.9338798522949294
62,0.00018873918221350977,1.6102620275609394,-0.0778396688401699,0.13547330498695373,0.2373179972171783,0.491238284111023,0.874457609653471,1.435124266147614,2.066471481323242,2.1607136344909676,3.5848025012016307
63,0.00018873918221350977,2.043359717856942,-0.10051412507891655,0.1537549883127212,0.3612544775009155,0.7172093272209168,0.9576214253902418,1.600662052631379,2.320503950119017,3.316001827716828,4.072656660079963
64,0.00018873918221350977,2.592943797404667,0.06327367713674903,0.3963707983493805,0.7785409688949584,1.3384600639343263,1.6890712678432462,2.005184507369995,2.5241087317466735,3.129195606708527,5.646742143631022
65,0.00018873918221350977,3.2903445623126686,0.2544722631573677,0.7468821644783019,1.0190923571586608,1.4885225772857666,2.0032368063926693,2.3256214141845737,3.1105507135391233,3.7283245420455957,7.254885697364812
66,0.00018873918221350977,4.1753189365604015,-0.019131519831717014,0.26474975347518914,0.6024148643016811,1.2146799564361574,1.5398650705814356,1.8151130318641668,3.0912837862968434,3.68230127334595,7.499528679847719
67,0.00018873918221350977,5.298316906283708,0.2163064330816269,0.9078583598136901,1.3762925386428833,1.9509673118591309,2.208219563961028,2.486595153808595,2.9534543514251705,3.141419417858125,4.2189090394973805
68,0.00018873918221350977,6.7233575364993365,0.2950059771537781,0.5646845042705534,0.9967793047428131,1.2727944374084474,1.878120082616804,2.6906749010086064,2.984173083305359,3.3726374816894533,3.955877535343174
69,0.00018873918221350977,8.531678524172808,0.29576580226421356,0.50089892745018,1.129315149784088,1.7523493766784668,2.019272470474243,2.441131281852722,3.636129081249237,4.079732818603516,4.708891110420273
70,0.00018873918221350977,10.826367338740546,0.441711887717247,0.8563642978668212,1.4369025588035582,1.8860918760299683,2.0715726613998413,2.50322322845459,4.256375503540039,4.819951553344727,5.459194397926349
71,0.00018873918221350977,13.73823795883263,0.32915282249450684,0.511024010181427,0.7998734951019286,1.2896784067153932,1.8173759043216702,2.702571249008179,4.34870011806488,4.569907894134523,6.09386875152589
72,0.00018873918221350977,17.43328822199988,0.2115750014781952,0.36053051948547354,0.6507731854915618,0.8487930417060854,1.1335589766502376,1.706835722923279,2.118330931663513,2.3722275328636173,2.6591545414924647
73,0.00018873918221350977,22.122162910704493,0.26046158373355865,0.3828717827796936,0.70791158080101,1.113331151008606,1.3516923367977125,1.8817203044891364,2.700197529792784,3.3066171574592595,3.8679798436164967
74,0.00018873918221350977,28.072162039411772,0.29891879856586456,0.4122064411640167,0.6255179584026336,1.3517645597457886,1.6316617012023926,2.1887619972229007,3.0000136613845805,3.7541580462455753,8.935491561889654
75,0.00018873918221350977,35.62247890262442,0.2925523817539215,0.32202001810073855,0.36400840878486634,0.5877181529998782,0.9818989187479019,1.4290499925613425,1.9563217878341672,3.240763931274416,8.72756645202638
76,0.00018873918221350977,45.20353656360243,0.3048013001680374,0.35701276659965514,0.42096640467643737,0.5380352139472961,0.9979984402656521,1.6164703488349916,2.3431435585021956,3.00977863073349,3.7789467358589324
77,0.00018873918221350977,57.36152510448679,0.302340492606163,0.3513744354248047,0.41936480998992914,0.5389703154563904,0.6745056688785549,1.0640262484550513,2.4769998788833614,2.8453810882568358,3.5589612197876255
78,0.00018873918221350977,72.7895384398315,0.3258436620235443,0.3859661996364593,0.5918273866176604,0.9748596310615539,1.140627998113632,1.467426037788393,2.1759964823722817,3.152149636745456,7.331212816238406
79,0.00018873918221350977,92.36708571873861,0.31979726254940033,0.35912583470344545,0.43339470624923704,0.7215580224990845,1.2756232798099518,1.7399148344993594,2.206248426437378,2.41203135251999,3.855823051929479
80,0.00018873918221350977,117.21022975334806,0.35541827976703644,0.4223555743694305,0.5706559479236603,0.8308739185333254,1.1402110815048212,1.5106729745864893,2.317793345451354,2.857155649662018,3.5846186804771434
81,0.00018873918221350977,148.73521072935117,0.3382193148136139,0.3940382659435272,0.631934517621994,0.9930604934692384,1.456913381814956,2.2696601867675783,3.816783583164214,4.699819831848148,10.363203372955363
82,0.00018873918221350977,188.73918221350976,0.32008208334445953,0.4212112665176391,0.5877725422382355,0.9000162720680237,1.2037367522716513,2.0403227090835574,4.045163464546201,4.878339190483094,5.010581893920901
83,0.00018873918221350977,239.5026619987486,0.34033310413360596,0.5061920821666717,0.942031055688858,1.3920775413513184,1.8332415044307697,2.3715571165084843,3.0729521632194516,3.688481802940369,6.514500622749333
84,0.00018873918221350977,303.9195382313198,0.337908536195755,0.3944015741348266,0.5640593409538269,0.9083802819252017,1.4832839131355282,1.9692397236824046,2.5726832628250116,3.6782213234901433,7.311439585685795
85,0.00018873918221350977,385.6620421163472,0.3330886662006378,0.48470741510391224,0.7438848435878752,1.256406664848328,2.01334138512611,2.943378353118898,4.901155495643615,5.506287350654603,6.977227687835718
86,0.00018873918221350977,489.3900918477494,0.336004376411438,0.3942703068256378,0.48694439828395836,0.6153485417366028,0.7127959579229353,0.9902119457721711,2.1023366093635554,2.3468079090118414,4.5037755823135415
87,0.00018873918221350977,621.0169418915616,0.30516037344932556,0.3804751932621002,0.5871458590030669,0.7464186549186707,1.126748317480084,2.253895092010499,3.22334096431732,4.838319988250733,5.948429207801819
88,0.00018873918221350977,788.0462815669912,0.37279532849788666,0.4799280881881714,0.7623883545398712,0.9556608557701112,1.1762096762657164,2.1902044773101808,2.698842167854309,3.6938190102577213,5.400999393463158
89,0.00018873918221350977,1000.0,0.3343860059976578,0.37872777581214906,0.522914272546768,0.8500468611717225,1.1808212518692007,1.4539323449134833,2.2690098762512205,2.5720683526992807,4.996363325119029
90,0.0002592943797404667,1.0,-0.12304725870490074,0.11847043633460998,0.32779804170131677,0.503457856178284,0.815013283491134,1.2580146551132205,3.217882680892944,3.4326279711723333,4.031338195800792
91,0.0002592943797404667,1.2689610031679222,-0.12133930996060371,0.1680069327354431,0.32833570241928095,0.696778738498688,1.1441119790077208,1.3529482007026676,2.125811862945556,2.8888569378852846,3.8833523488044954
92,0.0002592943797404667,1.6102620275609394,0.17733008414506912,0.5442627310752869,0.7778827965259552,1.1728478908538826,2.2373406529426547,2.788490700721741,3.6877327919006344,3.9074051260948193,7.681663641929653
93,0.0002592943797404667,2.043359717856942,-0.10067000240087509,0.1165990263223648,0.5152956902980804,1.2434787273406989,1.594696086645126,2.5819785356521607,3.33915399312973,3.470556192398072,5.95828958511353
94,0.0002592943797404667,2.592943797404667,0.06368809379637241,0.4187623202800751,0.8055081844329833,1.317984390258789,1.6664696097373957,2.065478944778445,2.811186027526855,3.6178642177581795,4.201360616683987
95,0.0002592943797404667,3.2903445623126686,-0.06912319362163544,-0.036334861069917686,0.294402530789375,1.1201811552047733,1.3194390237331388,1.648091399669648,2.049237763881682,2.462274105548859,2.902210223674775
96,0.0002592943797404667,4.1753189365604015,0.009234574157744646,0.5083396375179291,1.0066464304924012,1.66385817527771,1.92030371427536,2.0776779413223276,2.5796367168426513,2.650226101875305,2.742332415580753
97,0.0002592943797404667,5.298316906283708,-0.007259098580107093,0.6965322613716125,1.1998134016990663,1.5134263515472413,1.9563381254673002,2.6045324563980103,3.4074036955833433,3.7989686465263373,5.2574693298340005
98,0.0002592943797404667,6.7233575364993365,0.7581622898578644,1.1658433198928833,1.547315442562103,2.5408553123474125,3.0431070685386654,3.299012565612794,3.576592123508453,3.8244964194297792,4.959418320655823
99,0.0002592943797404667,8.531678524172808,0.30225175619125366,0.4936731874942779,0.8145971238613128,1.5414738893508912,1.8531280815601332,2.280592751502993,3.064403736591339,3.262572169303894,4.037318372726447
100,0.0002592943797404667,10.826367338740546,0.46477334201335907,0.7383546948432922,1.0543083190917966,1.6271056175231935,2.1535517454147337,2.578965306282046,3.1407086372375486,3.355488071441651,4.136198010444649
101,0.0002592943797404667,13.73823795883263,0.19568101316690445,0.35607098937034604,0.6376956343650816,1.309806513786316,1.696615070104597,2.2687810182571413,3.024093389511108,3.664794878959656,4.234205698967012
102,0.0002592943797404667,17.43328822199988,0.24824129045009613,0.5552104473114012,1.0694871068000793,1.5270262718200684,1.8168047010898587,2.1321620464324984,3.6852664351463313,4.552206258773804,5.419856753349315
103,0.0002592943797404667,22.122162910704493,0.32155320048332214,0.46407997608184814,0.6565506935119628,1.0896948337554933,1.153036236763,1.3246499180793772,2.347760677337643,4.04019606590271,5.373241443634034
104,0.0002592943797404667,28.072162039411772,0.3224193900823593,0.3450593650341034,0.42424865365028375,0.7645584344863893,0.8939994573593137,1.079639172554018,1.7839043200016016,2.1200193405151375,3.769866883754776
105,0.0002592943797404667,35.62247890262442,0.3378872126340866,0.3894667565822601,0.8514363527297972,1.5610855340957643,1.842295038700103,2.2137209177017216,2.5339741349220275,3.8607097840309144,4.351651110649131
106,0.0002592943797404667,45.20353656360243,0.39920608699321747,0.46704402565956116,0.5592626810073852,0.805579733848572,1.1871322393417356,1.685604763031006,2.0843085408210738,2.8115661621093753,3.4432381892204327
107,0.0002592943797404667,57.36152510448679,0.3258925825357437,0.36325632929801943,0.5055472791194916,0.6738673090934754,0.8230898290872571,1.1717040419578593,2.6367751359939575,2.651936330795288,4.262519869804422
108,0.0002592943797404667,72.7895384398315,0.3483465164899826,0.4327854514122009,0.5521881818771361,0.9945053577423097,1.5786362349987029,1.874408781528473,2.294217848777771,2.504478535652161,3.779828898906721
109,0.0002592943797404667,92.36708571873861,0.3560459613800049,0.5737402915954589,0.8440232872962952,1.0939251184463503,1.3432859301567075,1.7652170181274418,2.0364350080490095,2.7416638231277486,4.701808614730843
110,0.0002592943797404667,117.21022975334806,0.33095744252204895,0.3789163589477539,0.4685344815254211,0.8826276779174806,1.3070585191249835,1.8517835259437616,3.4463309526443475,4.2247000169754045,10.661623611450196
111,0.0002592943797404667,148.73521072935117,0.40588220953941345,0.4989946663379669,0.7242502152919769,1.373287844657898,1.552353996038437,1.7551583170890828,3.290003979206085,4.07435205936432,6.909294972419758
112,0.0002592943797404667,188.73918221350976,0.3708398938179016,0.48663532733917236,0.7225403785705565,1.0588460922241212,1.3815876483917233,1.6741615653038033,2.172038114070892,2.3882198238372805,3.559773654937747
113,0.0002592943797404667,239.5026619987486,0.404706209897995,0.7169378995895386,0.9963949739933013,1.2107581853866578,1.5105179369449615,1.664517903327942,1.9304066598415361,2.7032552671432497,3.3316009378433624
114,0.0002592943797404667,303.9195382313198,0.3796113282442093,0.6897049307823181,0.8424243092536926,1.3018166065216068,1.7251841008663171,2.0747615575790417,3.130001103878021,4.759441237449646,5.028059854507452
115,0.0002592943797404667,385.6620421163472,0.4300434738397598,0.5025191068649292,0.6903219282627105,1.0764198064804078,1.2805948138236998,2.100445556640626,3.1722970008850093,3.810580942630768,3.880869665145876
116,0.0002592943797404667,489.3900918477494,0.3863536864519119,0.5238861560821533,0.851735359430313,1.1470136880874635,1.3422729611396786,1.8802928328514121,2.673599815368652,2.8047731733322148,3.2581627583503887
117,0.0002592943797404667,621.0169418915616,0.4227096438407898,0.5718101143836974,0.8503501832485199,1.0593350887298585,1.3350205898284901,1.5917924165725712,2.313096475601196,2.536619729995728,2.958990633487737
118,0.0002592943797404667,788.0462815669912,0.4263291656970978,0.5862659573554992,0.8852632880210876,1.2517209529876712,1.5843807399272916,1.8369905352592468,3.391458964347838,3.832911360263826,5.423449020385744
119,0.0002592943797404667,1000.0,0.40906231105327606,0.6690092921257019,0.9756226658821106,1.2039042949676515,1.8174059331417083,2.43932204246521,3.406723701953887,4.172541751861575,7.786719446182268
120,0.0003562247890262444,1.0,-0.14037640392780304,-0.08887879401445392,0.33997987210750547,0.63192458152771,0.8076809257268898,1.5219211935997035,2.1746356368064874,2.5993827247619636,3.275742549896242
121,0.0003562247890262444,1.2689610031679222,-0.11236893758177757,0.1106440857052803,0.4372039556503292,0.9146297812461853,1.16143347620964,2.355199980735779,3.17210648059845,3.3189482545852673,4.624305567741395
122,0.0003562247890262444,1.6102620275609394,-0.028071239590644836,0.20265083014965055,0.36674540638923625,1.0063103437423706,1.290687185525894,1.498932874202729,2.1301765084266657,2.43130729675293,2.791873154640204
123,0.0003562247890262444,2.043359717856942,0.19028868526220322,0.5542699217796325,0.9573520064353942,1.7243450403213503,2.170667779445648,2.3634965896606452,2.8650765299797043,3.7069820642471316,4.031244101524357
124,0.0003562247890262444,2.592943797404667,0.13685506209731102,0.3470769822597503,0.769773232936859,1.5339750289916994,1.825444293022155,3.056996393203736,4.06547200679779,4.516225218772889,7.956642117500312
125,0.0003562247890262444,3.2903445623126686,0.20215917378664017,0.6824746370315551,1.2542906045913695,1.8104800939559937,2.3909207224845885,2.6676727056503298,2.95089054107666,3.2667621111869813,3.604893078804019
126,0.0003562247890262444,4.1753189365604015,-0.024539153091609478,0.4321497619152069,1.0045169830322265,1.5231328725814823,1.996165615320204,2.955337357521058,3.8692254185676562,4.491457161903382,6.112713184356731
127,0.0003562247890262444,5.298316906283708,0.49999527633190155,0.9518142938613892,1.432026982307434,1.7204792499542236,2.01102521419525,2.3681880235672006,2.7516638755798333,3.3154100632667545,3.497449991703044
128,0.0003562247890262444,6.7233575364993365,-0.011867946945130825,0.3774001717567443,1.186734938621521,1.6370306253433229,1.8781862676143644,2.508977055549622,2.8751715660095214,2.9732636165618898,4.161326026916505
129,0.0003562247890262444,8.531678524172808,0.3421272486448288,0.7314412355422973,1.272499620914459,2.2326776981353764,2.44837440252304,2.9579816579818736,3.7193459391593926,4.233860020637513,5.3854411649704135
130,0.0003562247890262444,10.826367338740546,0.22966648638248444,0.5212102472782133,0.8962128341197967,1.472702646255493,1.9083332300186144,2.1903309822082524,2.8265437960624693,3.2549859285354614,3.6077899074554476
131,0.0003562247890262444,13.73823795883263,0.23662400990724564,0.3683648586273193,0.7845104813575743,1.501893734931946,1.7640806674957261,2.0869536161422735,2.4552475214004503,3.0886976122856145,3.994108879566195
132,0.0003562247890262444,17.43328822199988,0.2538369596004486,0.4449474930763243,1.094520878791809,1.670440483093262,1.8812247097492207,2.0598604202270527,2.4491214632987965,3.0370008254051246,9.017098312377934
133,0.0003562247890262444,22.122162910704493,0.39510010182857513,0.7952874302864075,1.3303024649620057,1.5570109367370606,1.6319970011711114,1.8661535263061528,2.1439870715141294,2.395847344398499,4.516107602119461
134,0.0003562247890262444,28.072162039411772,0.43736690282821655,0.5517409801483154,0.8234858751296997,1.1675669431686402,1.4203633129596709,1.56133668422699,3.208436405658721,3.663609974384309,4.552404069900527
135,0.0003562247890262444,35.62247890262442,0.3910846710205078,0.49006186723709105,0.6419256269931792,1.1539378404617315,1.5936507463455198,1.9615718483924875,3.5235753297805767,6.724737663269044,9.621757221221975
136,0.0003562247890262444,45.20353656360243,0.39579910039901733,0.48126900792121885,0.6043044686317444,0.9290623664855958,1.1112574398517607,1.536526763439179,1.897510701417922,2.288685524463654,3.666741421222687
137,0.0003562247890262444,57.36152510448679,0.36480191349983215,0.4596404194831848,0.7017028987407684,1.186641383171082,1.5078356623649583,2.2064142465591443,2.619002747535704,3.6470082211494455,7.324894828796408
138,0.0003562247890262444,72.7895384398315,0.4604666978120804,0.5671388983726501,0.6760934174060822,0.9600907802581787,1.0359051346778865,1.182392573356629,1.4754347622394561,1.5625538349151613,1.8301883149147102
139,0.0003562247890262444,92.36708571873861,0.44966794550418854,0.6276981115341186,0.8479551672935484,1.069345808029175,1.5539667427539825,1.9938154816627516,3.606286025047302,4.420069913864136,6.312596154212963
140,0.0003562247890262444,117.21022975334806,0.4307093322277069,0.6097184181213379,0.8511404812335968,1.093628907203675,1.5225958108901971,1.8505738139152532,2.2455202341079707,2.4191133594512944,3.410978581905378
141,0.0003562247890262444,148.73521072935117,0.39434631168842316,0.5571694254875184,0.7378690123558044,1.1739733695983887,1.3231649994850156,2.0474362134933473,2.8144542932510364,3.4223264169693004,4.49689968109132
142,0.0003562247890262444,188.73918221350976,0.47594812512397766,0.762734055519104,0.9260142266750334,1.374796223640442,1.5430656552314743,2.220202827453614,4.6761325836181635,6.103478212356569,7.822630019187932
143,0.0003562247890262444,239.5026619987486,0.35602207481861115,0.5282967209815979,0.7542419254779815,0.969622302055359,1.2848411560058586,1.6113173246383676,2.543399298191069,3.132130515575409,3.387146577835096
144,0.0003562247890262444,303.9195382313198,0.41976000368595123,0.5943653941154478,1.1025738358497619,1.6115718126296996,1.8997636258602135,2.487787771224978,3.7888920068740837,4.522930364608765,4.775682034492499
145,0.0003562247890262444,385.6620421163472,0.4375644326210022,0.5897331237792969,0.8201705873012543,1.0866620779037477,1.2270887076854704,1.7091683983802812,4.14168472290039,4.454536414146425,7.167195858955401
146,0.0003562247890262444,489.3900918477494,0.4160313904285431,0.5487058401107787,0.8164453208446502,1.242977547645569,1.5941468298435206,1.9892904877662672,2.277816820144653,2.4584557843208312,3.0646357417106724
147,0.0003562247890262444,621.0169418915616,0.450846329331398,0.6986810326576233,0.9949705362319945,1.3143089056015018,1.7488520443439475,2.3022784948349027,5.165789055824279,5.683414616584778,6.043787631988528
148,0.0003562247890262444,788.0462815669912,0.4917111247777939,0.6016870141029358,0.847438478469848,1.450781583786011,1.7507773697376245,2.0818125486373917,2.974674201011657,3.40431164264679,4.086857976913453
149,0.0003562247890262444,1000.0,0.3544315695762634,0.4596132636070251,0.6856101334095,0.8839601635932924,0.9996632367372512,1.2072814345359824,2.1131706357002256,2.657770059108735,3.8228843545913773
150,0.0004893900918477494,1.0,-0.09305596351623535,0.038356062024831765,0.39518436789512623,0.9411090731620788,1.1538586497306824,1.4929785132408178,2.2120681405067435,2.5528752541542055,4.029951047897339
151,0.0004893900918477494,1.2689610031679222,-0.012886940501630306,0.1736066967248916,0.958125627040863,1.423342251777649,1.9450659394264198,2.489594244956971,2.9196977734565723,3.8404017138481144,4.282171096801759
152,0.0004893900918477494,1.6102620275609394,-0.07026808336377144,0.25829441547393794,0.5532286345958709,1.4544727087020874,1.769384878873825,2.524012970924378,3.316270220279692,4.125914106369018,4.649192676544208
153,0.0004893900918477494,2.043359717856942,-0.06468283385038376,0.3281938314437866,0.606982296705246,1.2857737302780152,1.7842200219631192,2.103626227378846,2.410041832923888,2.8817018723487853,3.0860813426971485
154,0.0004893900918477494,2.592943797404667,0.3049338161945343,0.8935310363769531,1.3188885927200318,1.7995632648468018,2.0891234993934624,2.5051440954208375,3.1805088400840758,3.551599378585817,4.886264057159435
155,0.0004893900918477494,3.2903445623126686,-0.04857569746673107,0.317408686876297,0.6872761666774745,1.6613909482955933,1.808315002918243,2.2102258920669557,3.258510839939117,3.343226938247681,7.118403162956239
156,0.0004893900918477494,4.1753189365604015,0.3047075569629669,0.7270718693733214,1.3904991626739502,1.8546159505844118,1.9976798415184012,2.931572103500366,3.111774265766143,3.519313695430756,4.6213584280014075
157,0.0004893900918477494,5.298316906283708,0.45013175904750824,0.6910528540611266,1.3664684772491456,1.8493802309036256,2.4307200074195854,2.9758874416351326,4.479473543167114,4.645521025657654,5.13831875801089
158,0.0004893900918477494,6.7233575364993365,0.3851477950811386,0.7438300728797912,1.0312469720840454,1.557998538017273,1.784367591142654,2.400619578361512,3.289520847797392,4.301942248344422,5.62614389896395
159,0.0004893900918477494,8.531678524172808,0.35086148977279663,0.6434676051139832,0.9458510577678679,1.3057393550872802,1.5965647995471948,2.2069082498550423,3.0373737215995775,4.37680597782135,5.415665168762211
160,0.0004893900918477494,10.826367338740546,0.15410902351140976,0.4006221771240234,1.0994473099708555,2.09071741104126,2.31606020927429,2.749421787261963,3.796243822574615,4.136518454551699,7.194725351333656
161,0.0004893900918477494,13.73823795883263,0.36109597980976105,0.7612206816673278,1.2499544620513916,1.9044868230819703,2.110533702373504,2.562936258316041,2.992744231224059,3.4496501684188843,3.856494178771975
162,0.0004893900918477494,17.43328822199988,0.31454648077487946,0.678737461566925,1.1284311652183532,1.8730265855789185,2.0070558607578266,2.3357100248336793,2.5881358504295333,3.2035865306854263,6.267766222953833
163,0.0004893900918477494,22.122162910704493,0.35154078900814056,0.48440454602241517,0.8652570545673369,1.4637354612350468,1.9066763579845427,2.0685014724731445,2.4878709673881527,2.694896242618561,3.2643289184570485
164,0.0004893900918477494,28.072162039411772,0.534633219242096,0.7727015852928162,1.0100034236907958,1.5650487422943116,1.7843590736389159,2.000407207012178,2.9021995067596422,3.494461884498597,4.304111051559465
165,0.0004893900918477494,35.62247890262442,0.4826284646987915,0.5549386739730835,0.6804062426090239,0.9551099300384523,1.2085723221302027,1.9589674472808871,2.4530939102172837,4.077567591667177,5.767207674980176
166,0.0004893900918477494,45.20353656360243,0.5339538156986237,0.6192110538482666,0.7243130803108215,1.2951535701751709,1.5037879645824426,2.321337985992432,2.795779955387115,3.1326301741600058,6.146846847534217
167,0.0004893900918477494,57.36152510448679,0.42896053194999695,0.5186200261116027,0.6336324572563171,0.8719694495201114,1.199094635248184,1.8731521844863899,2.360132825374597,4.666353459358215,5.4222520589828775
168,0.0004893900918477494,72.7895384398315,0.43948666751384735,0.5637437462806701,0.74573415517807,1.1986471176147462,1.518424469232559,1.795906949043274,2.2938647627830506,2.733524196147919,3.147452297210719
169,0.0004893900918477494,92.36708571873861,0.549381285905838,0.807764995098114,1.3005832076072692,1.6333641290664673,1.9164609730243682,2.195738649368287,3.471322762966156,3.777685194015503,5.038321733474742
170,0.0004893900918477494,117.21022975334806,0.3841848522424698,0.6179281949996948,0.8877025067806241,1.4573596000671387,1.935787838697433,2.4128705978393565,4.024914479255676,4.29665277004242,4.862809257507332
171,0.0004893900918477494,148.73521072935117,0.5707605481147766,0.7842737674713134,1.2496768951416015,1.5596611261367799,1.7618010222911833,2.091945815086365,2.5398588418960566,2.723871695995331,3.1407398700714158
172,0.0004893900918477494,188.73918221350976,0.4167366772890091,0.6371205091476441,0.9126679122447967,1.316736650466919,1.5271796822547912,2.0666215419769323,4.019006705284118,4.813505926132202,6.112841181755081
173,0.0004893900918477494,239.5026619987486,0.5745014250278473,0.913356602191925,1.082067596912384,1.4993258237838745,1.9567698240280142,2.1584205150604254,2.5639371991157525,3.6698315644264228,8.195781183242799
174,0.0004893900918477494,303.9195382313198,0.7798971831798553,0.9334285855293274,1.1050684690475463,1.575655484199524,1.7555242717266082,1.9079109311103823,2.122401738166809,2.5255098772048954,4.600063509941107
175,0.0004893900918477494,385.6620421163472,0.4922638237476349,0.7462762117385864,1.0396268963813782,1.5110829353332527,1.9963068068027496,2.2506450653076184,3.1799868702888485,3.360664541721346,6.5716157388687275
176,0.0004893900918477494,489.3900918477494,0.58010134100914,0.8638959050178527,1.0726242184638977,1.2054346799850466,1.474161511659622,1.8003042936325082,2.379275715351104,2.6991054081916817,4.083026967048647
177,0.0004893900918477494,621.0169418915616,0.7834409475326538,0.9053507804870605,1.169590377807617,1.432595777511597,1.6074411511421203,1.9068407177925122,3.106319952011108,3.218907334804535,4.918450565338146
178,0.0004893900918477494,788.0462815669912,0.9012044370174408,1.1554440021514893,1.3355534195899963,1.5912548780441285,1.8990536391735076,2.284638500213624,2.9084233403205864,3.211029787063599,5.438979339599621
179,0.0004893900918477494,1000.0,0.6974845826625824,1.0172002553939818,1.2427627086639403,1.5069921493530276,1.7076265692710875,1.876832759380343,2.7136200189590456,2.9169869709014895,3.764587907791188
180,0.0006723357536499335,1.0,-0.017194238025695086,0.1416509300470352,0.3015279203653331,1.072822642326355,1.9002266049385068,2.4167974472045906,3.147611153125761,4.331538996696473,7.1236508226394655
181,0.0006723357536499335,1.2689610031679222,-0.03714256640523672,0.3638607203960419,0.9070095002651215,1.249351978302002,1.372964030504226,1.78794860839844,3.2986306905746456,3.495236220359803,4.102037973403939
182,0.0006723357536499335,1.6102620275609394,0.13415804877877235,0.3041947066783905,0.5876060903072354,1.506384921073914,1.8340473353862723,2.5889332532882694,3.238710629940033,3.6265273857116704,7.90033086299897
183,0.0006723357536499335,2.043359717856942,-0.056369464844465256,0.3839726150035858,0.911104983091354,1.4603692293167114,1.6633099377155296,2.6893513917923024,3.7761343002319334,4.14188801765442,5.636615762710573
184,0.0006723357536499335,2.592943797404667,0.2348167449235916,0.5513152241706848,1.1578057885169983,2.0435878276824955,2.5207814216613764,3.1314523935317995,3.691197633743286,4.392892656326294,5.037507729530339
185,0.0006723357536499335,3.2903445623126686,0.402218297123909,0.798512041568756,1.8944390654563903,2.5118386268615724,2.736946630477905,3.275159621238709,4.788233518600464,6.821967582702638,8.033578057289144
186,0.0006723357536499335,4.1753189365604015,0.23457816988229752,0.5220829486846924,1.2598940610885618,1.7800760269165041,2.269429898262023,2.6152018308639535,3.2243664741516085,4.5974235200881965,6.01073331356052
187,0.0006723357536499335,5.298316906283708,0.2568416967988014,0.6429793477058409,1.494568395614624,2.04256386756897,2.520135414600371,3.3767696380615253,4.04385552406311,4.89917179107666,5.2694870233535775
188,0.0006723357536499335,6.7233575364993365,-0.007184518733993173,0.32205549478530876,0.7297111332416527,1.5246277570724494,2.3206323862075777,2.9642033576965345,3.655412936210632,4.293417143821716,5.716677260398866
189,0.0006723357536499335,8.531678524172808,0.4280131906270981,0.9121009707450866,1.3111040830612182,2.1328906059265136,2.401356649398803,2.7691880941391016,3.397150373458862,4.032318329811096,5.56719589710236
190,0.0006723357536499335,10.826367338740546,0.30297286808490753,0.6319668412208556,1.250402200222015,1.880294418334961,2.0683139443397516,2.288992094993592,2.8035207509994495,3.3314950442314157,4.738746333122259
191,0.0006723357536499335,13.73823795883263,0.28031985461711884,0.4218143582344055,0.8582454144954681,1.4259966611862185,1.6909717202186583,2.022295367717745,2.578382635116577,3.2109377264976504,3.718442933559418
192,0.0006723357536499335,17.43328822199988,0.34289443492889404,0.4156854212284088,0.5458568394184111,1.2347496986389161,1.739593863487243,2.694655227661133,3.3058699250221237,4.189575295448304,6.315909571647664
193,0.0006723357536499335,22.122162910704493,0.49012064933776855,0.724151074886322,1.083581304550171,1.3872394323349002,2.158978998661041,2.4786980867385866,3.0380674600601196,3.2629832673072823,5.070262026786818
194,0.0006723357536499335,28.072162039411772,0.5510225296020508,0.7204019784927368,0.9910796523094176,1.451648759841919,1.9273624598979946,2.3291593074798587,2.418518030643463,2.558331308364869,3.753275451660162
195,0.0006723357536499335,35.62247890262442,0.5818236172199249,0.7152062058448792,0.7955491364002227,1.012893891334534,1.36040261387825,1.6326452255249024,2.181555795669555,2.4610375094413763,3.596586160659799
196,0.0006723357536499335,45.20353656360243,0.5985532104969025,0.6458850026130676,0.7126420855522155,0.9910418987274171,1.1462736666202542,1.4030939817428592,1.9822584569454187,2.440987255573274,3.968079917430885
197,0.0006723357536499335,57.36152510448679,0.5894302129745483,0.8620025634765625,1.1374072313308716,1.361885666847229,1.4447210311889647,1.6895954132080078,2.7087676048278797,3.278634750843048,3.4664246678352377
198,0.0006723357536499335,72.7895384398315,0.5045027434825897,0.6974772691726685,1.0095543265342712,1.3992145776748657,1.5858026206493374,2.2544771194458026,3.2545207619667043,3.8646304869651806,6.508705673217776
199,0.0006723357536499335,92.36708571873861,0.5264455825090408,0.7961428761482238,1.1120903968811033,2.0127158164978027,2.6153124928474427,3.2406548261642456,3.881649541854857,5.02346260547638,5.863930010795623
200,0.0006723357536499335,117.21022975334806,0.5601873993873596,0.7239596247673035,1.0413702249526977,1.2901779890060425,1.682667607069015,2.129894113540651,2.7909172534942597,4.10750578403473,5.185605750083936
201,0.0006723357536499335,148.73521072935117,0.6120733618736267,0.9821938633918761,1.308484673500061,1.950712156295777,2.3947342634201045,2.944183802604676,4.660063862800598,4.931706261634827,6.145988063812292
202,0.0006723357536499335,188.73918221350976,0.47320498526096344,0.6453780174255371,0.9127176880836487,1.3039430856704712,1.4953417539596552,2.0259334206581165,3.780946505069732,4.276905269622803,6.36363596916199
203,0.0006723357536499335,239.5026619987486,0.5722194612026215,0.8021616697311401,1.2004374861717224,1.650635051727295,2.124945724010467,3.0053528785705574,4.304143619537348,6.436415457725525,12.713157424926763
204,0.0006723357536499335,303.9195382313198,0.5955148637294769,0.8388619065284729,1.1444276809692382,1.3630412340164186,1.7243231773376457,2.143454837799075,3.1888807296752897,4.295589036941529,5.184678945541383
205,0.0006723357536499335,385.6620421163472,0.6960269510746002,0.9608367681503296,1.1658026933670043,1.6543528079986574,1.9348063528537738,2.705202889442445,3.5862459063529952,4.116124844551087,6.3199197626113905
206,0.0006723357536499335,489.3900918477494,0.621227353811264,0.9975306034088135,1.3266709327697752,2.1296230792999267,2.6116826415061944,2.9694592714309698,3.5491073727607687,5.032559080123901,5.879272809028628
207,0.0006723357536499335,621.0169418915616,0.6583785712718964,0.8740141749382019,1.2904253005981445,1.651324033737183,2.043107664585113,2.2511838197708136,2.882894206047058,3.9426896262168887,4.365873937606814
208,0.0006723357536499335,788.0462815669912,0.8840764462947845,1.2249550580978392,1.5260495424270628,2.0129441261291503,2.1289124727249145,3.0288375139236456,5.856025457382201,6.7784632873535156,7.586332712173467
209,0.0006723357536499335,1000.0,0.4538792073726654,0.8337890982627868,1.235048460960388,1.6762239933013918,1.960222291946411,2.265368032455445,3.0287144303321827,4.61602451324463,6.497195453643805
210,0.0009236708571873865,1.0,-0.06948842480778694,0.03762209117412565,0.1590426057577132,0.6373467326164246,0.9353414535522461,1.748421359062195,2.413211178779602,2.479841756820679,2.8102625441551257
211,0.0009236708571873865,1.2689610031679222,-0.05891166813671589,0.2399934262037277,0.8733729839324949,1.1912445783615113,1.3811900973320006,1.848248982429507,2.802515268325805,3.0041317963600167,4.865318155288707
212,0.0009236708571873865,1.6102620275609394,0.10885914787650108,0.2956086575984954,0.63802518248558,1.5524675846099854,1.8079393506050103,2.743937516212468,3.7970786452293392,4.976282896995545,5.639745168685916
213,0.0009236708571873865,2.043359717856942,-0.056005656719207764,0.14231485724449155,0.4523445129394529,1.1137891292572022,1.2318302929401377,2.33265597820282,2.9449313998222344,3.276773588657379,3.4034857201576365
214,0.0009236708571873865,2.592943797404667,0.26825565099716187,0.728990125656128,1.1379950523376465,1.6504077196121218,2.28323118686676,2.4597117900848406,3.3540617942810047,4.824047422409058,7.87667582988741
215,0.0009236708571873865,3.2903445623126686,-0.02619864698499441,0.3889544308185577,0.77812026143074,1.4803255081176758,1.9968718528747542,2.43393423557282,4.312281727790832,4.634689316749573,5.221149196624761
216,0.0009236708571873865,4.1753189365604015,-0.030940044671297073,0.44326635599136344,0.8928655028343201,1.3568584918975835,2.2827018976211546,2.7085190773010264,3.306138229370115,4.501172018051148,5.15495760440828
217,0.0009236708571873865,5.298316906283708,0.27036017924547195,0.512712562084198,0.8154606521129604,1.286630344390869,2.508543896675108,3.150563693046571,3.8180337786674494,4.232980523109436,4.753852543830891
218,0.0009236708571873865,6.7233575364993365,0.3537149727344513,0.7642777919769287,0.908159077167511,1.468446707725525,1.93793648481369,2.4711744546890295,3.2351289749145504,4.281149439811707,4.931281838417055
219,0.0009236708571873865,8.531678524172808,0.41103804111480713,0.7714466333389282,1.3122151255607606,1.9011514902114872,2.5449045658111564,3.3286804914474497,4.386041903495787,5.081061811447145,6.712857232093823
220,0.0009236708571873865,10.826367338740546,0.4644562005996704,0.7881531953811645,1.342903745174408,1.7239487886428837,2.04744724035263,2.389905548095703,3.5574378490447987,4.121602177619935,5.297106728553776
221,0.0009236708571873865,13.73823795883263,0.37450623512268066,0.6128406286239622,0.9276862919330593,1.8883952856063844,2.0314001798629757,2.672539615631106,3.5326038956642143,3.9308421254158024,4.2238850498199465
222,0.0009236708571873865,17.43328822199988,0.44803668558597565,0.8995599031448362,1.626381480693817,2.487875843048096,2.9830000996589656,3.110636305809022,3.9942348003387447,4.420603847503663,6.061238675117496
223,0.0009236708571873865,22.122162910704493,0.4555297791957855,0.6198025107383728,0.9561135768890379,1.6805060386657715,1.995651191473006,2.4421008825302133,3.186034870147705,3.2666152811050417,4.814921555519105
224,0.0009236708571873865,28.072162039411772,0.4984414726495743,0.6892485499382018,0.7874967098236083,0.9708992481231692,1.6182260036468503,1.9186032056808497,2.606198048591613,3.247975518703461,5.963263401985192
225,0.0009236708571873865,35.62247890262442,0.5447337031364441,0.8046581268310546,1.0160937905311582,1.490639352798462,1.6432110190391533,2.436786699295045,3.6345142722129817,4.541954007148743,5.517581148147611
226,0.0009236708571873865,45.20353656360243,0.7747640609741211,0.9667293906211852,1.1693329095840455,1.3408271312713624,1.6091304779052733,1.71499263048172,2.092716801166534,3.359869258403778,3.8862163090705883
227,0.0009236708571873865,57.36152510448679,0.5646762251853943,0.9465232014656066,1.2700108170509337,1.5719274044036866,1.934103256464004,2.529722595214849,3.9238870978355407,4.251887698173523,4.377692480087295
228,0.0009236708571873865,72.7895384398315,0.8175766170024872,1.0066480755805969,1.180018997192383,1.3287397146224975,1.509558171033859,1.6053009986877453,2.1274613857269262,3.46711160182953,6.05515114784244
229,0.0009236708571873865,92.36708571873861,0.8808194994926453,1.106763219833374,1.3597306489944458,1.7900716543197635,2.1184842109680155,2.752297115325928,3.353719651699064,4.594212183952332,4.993780407905581
230,0.0009236708571873865,117.21022975334806,0.7631034851074219,1.1300270557403564,1.4175886988639832,1.9906815528869632,2.5653481364250177,3.033113622665412,4.8644394159317,6.619285588264467,9.151696939468389
231,0.0009236708571873865,148.73521072935117,0.4333169758319855,0.7407502651214599,0.9911036849021909,1.489480257034302,1.6260823249816894,2.0305506229400643,2.664426362514495,3.754606349468232,4.828571882247948
232,0.0009236708571873865,188.73918221350976,0.6736403107643127,1.0290533781051636,1.3004423022270202,1.950847625732422,2.6225784063339233,3.316973161697388,4.12828013896942,4.66719945907593,7.045495162010195
233,0.0009236708571873865,239.5026619987486,0.6402930319309235,0.8050807237625122,1.2984095215797422,2.155167579650879,2.3577954173088074,2.558765268325808,3.746405518054961,5.2703784847259545,8.994586925506594
234,0.0009236708571873865,303.9195382313198,0.39714185893535614,0.5305696606636047,1.0293752312660218,1.8109828472137457,2.133685421943664,2.4633265495300303,3.102414906024933,3.621691269874574,6.1760345029830965
235,0.0009236708571873865,385.6620421163472,0.39103439450263977,0.6768831610679626,0.951228767633438,1.4796693563461305,1.9273727416992175,2.5527028322219856,3.58498511314392,5.305958933830266,10.902681684494022
236,0.0009236708571873865,489.3900918477494,0.7131651341915131,1.0406323671340942,1.238867652416229,1.5277910470962532,2.503266704082487,3.0212282657623297,3.44680962562561,3.7130368661880504,4.91328741073611
237,0.0009236708571873865,621.0169418915616,0.622690886259079,1.0105484962463378,1.5047672748565672,2.0199297904968265,2.439361214637755,3.1747998714447028,4.057633042335509,4.405164680480957,4.898925242424019
238,0.0009236708571873865,788.0462815669912,0.9565495848655701,1.285986566543579,1.4894408464431763,2.117981004714966,2.4127170085906973,3.1823202610015877,4.04833812713623,4.683370475769044,6.448180232048038
239,0.0009236708571873865,1000.0,0.8970040678977966,1.3109183788299559,1.6421423912048339,2.2839166641235353,2.772331345081329,3.2204678297042855,4.167637920379637,4.700297026634217,6.647898569107057
240,0.0012689610031679222,1.0,-0.05235888063907623,0.21488246023654936,0.49215750396251673,1.0894334793090825,1.5491633534431444,1.8081194281578066,2.2734029412269585,3.493066010475159,4.674654331207289
241,0.0012689610031679222,1.2689610031679222,-0.05634556896984577,0.10680059492588034,1.0457318186759945,1.4909131765365602,1.9312224507331839,2.351308608055116,3.6586963176727267,4.853998394012451,6.005096964836148
242,0.0012689610031679222,1.6102620275609394,-0.04863717965781689,0.43851796388626096,0.8505244135856628,1.5056139945983888,1.8138179361820217,2.265744018554688,2.843489468097686,3.3880010008811965,5.481265916824351
243,0.0012689610031679222,2.043359717856942,-0.04119188152253628,0.2818997383117675,0.8545439064502716,1.1881275653839112,1.6244468390941615,1.7712931871414186,3.732126915454861,5.090084104537964,5.603894362449651
244,0.0012689610031679222,2.592943797404667,-0.052090225741267204,0.18184160590171813,0.36747174561023704,0.9478113651275637,1.4819423794746396,2.414733672142031,3.6485845804214474,4.186616353988648,4.7714465045929
245,0.0012689610031679222,3.2903445623126686,-0.004357075085863471,0.33859546780586236,0.9255408227443694,1.620380520820618,1.9377522349357599,2.3555044651031496,2.9263176202774046,3.2346414065361024,4.938110527992275
246,0.0012689610031679222,4.1753189365604015,0.2353944554924965,0.393996262550354,0.9872721791267389,2.0881240367889404,2.1970607638359065,2.9007757902145386,3.127927017211912,5.299948720932007,5.957340025901812
247,0.0012689610031679222,5.298316906283708,0.04498369060456753,0.4214855432510375,0.9071516752243042,1.503470230102539,1.9326947927474971,2.397398471832279,3.553057909011839,4.795370516777039,7.604585127830507
248,0.0012689610031679222,6.7233575364993365,0.19415436685085297,0.6194193124771118,0.9903409421443939,1.335828065872193,1.652731019258499,1.9478765010833745,3.2545808553695665,3.9924339652061467,4.312168788909913
249,0.0012689610031679222,8.531678524172808,0.3518492877483368,0.598689842224121,0.9871454656124115,1.6766053199768067,1.8221156716346736,2.2801130056381234,2.9544590353965736,3.699113104343415,4.619841046333326
250,0.0012689610031679222,10.826367338740546,0.2713577300310135,0.43986802697181704,1.104027116298675,1.6712320566177372,2.299639260768889,3.2411426544189466,4.244279313087463,4.610302419662476,5.208320364952089
251,0.0012689610031679222,13.73823795883263,0.30478115379810333,0.42397882938385006,0.7077223181724542,1.1537555694580077,1.853127849102019,2.4876685619354255,3.346264398097989,4.701482934951782,4.937165789604204
252,0.0012689610031679222,17.43328822199988,0.42064665257930756,0.7455607295036315,1.222889757156372,2.059672975540161,2.6710424900054925,3.015146112442018,3.4272564053535453,3.861054337024689,4.091003184318549
253,0.0012689610031679222,22.122162910704493,0.2886742055416107,0.5905203580856323,0.876771879196167,1.2497366189956671,1.6654681801795956,2.1449227809906017,3.0537531495094297,3.2121409034729003,4.499346041679386
254,0.0012689610031679222,28.072162039411772,0.45886994898319244,0.5425717234611511,1.1108036041259766,1.5230913400650028,1.9323459327220909,2.4489225149154668,2.6582049489021298,3.0443465232849123,3.9224479103088465
255,0.0012689610031679222,35.62247890262442,0.42455773055553436,0.6100130438804626,0.85623459815979,1.2882710456848145,1.5824368596076965,1.753826344013215,2.6351054430007927,3.5158402872085572,4.298470139503487
256,0.0012689610031679222,45.20353656360243,0.4325376898050308,0.6156154632568359,0.980832117795944,1.3697911500930788,1.620764338970183,2.141165637969971,3.319149386882781,4.071596899032594,5.005833768844608
257,0.0012689610031679222,57.36152510448679,1.0206570625305176,1.2160832405090332,1.5149373531341552,1.9833231925964356,2.2813138365745527,3.1654138803482095,3.9719375371932957,5.388532633781433,7.841341476440451
258,0.0012689610031679222,72.7895384398315,1.0638519525527954,1.4920663595199584,1.694601273536682,2.1134186267852786,2.2570825576782223,2.5760579824447642,3.0596485853195183,3.2946063852310203,7.094679980278021
259,0.0012689610031679222,92.36708571873861,0.6882444620132446,0.9876286625862122,1.3544362664222716,2.174896049499512,2.424287283420562,2.6505733251571657,3.1517058014869686,3.538163228034973,5.214082746505738
260,0.0012689610031679222,117.21022975334806,0.5977871119976044,1.0829925298690795,1.6322050333023068,2.1031992435455322,2.4357317447662346,3.657872176170351,4.204166197776793,4.910183253288269,5.927159662246705
261,0.0012689610031679222,148.73521072935117,0.8363812565803528,1.403079605102539,1.9247520208358764,2.3152798175811773,2.685333085060119,3.4095010280609133,5.0831561326980585,7.243362860679627,8.426290588378912
262,0.0012689610031679222,188.73918221350976,0.2759697884321213,0.6972638607025146,1.1905292391777038,1.9159482240676882,2.51204936504364,3.209622693061829,5.140219640731809,8.827959022521974,11.224713764190689
263,0.0012689610031679222,239.5026619987486,0.5942226946353912,0.906135356426239,1.3164991736412048,1.765005350112915,2.3069032907485947,3.330812335014345,4.151232957839966,5.908724188804628,7.993049588203435
264,0.0012689610031679222,303.9195382313198,0.5539661943912506,0.8631253123283386,1.4595592617988586,1.9540534496307378,2.3438433647155756,2.9233845949173016,3.9238902807235716,4.123540902137759,7.363856291770954
265,0.0012689610031679222,385.6620421163472,0.7304494678974152,1.1354159116744993,1.9663791894912719,2.319565916061402,3.407796537876129,3.7909350633621224,5.594259643554685,7.050286765098572,8.860144586563125
266,0.0012689610031679222,489.3900918477494,0.3004736304283142,0.6612575650215149,1.3603389978408806,2.0594470977783206,2.512496888637542,3.409046292304994,4.111581087112424,5.905996127128603,8.149906816482556
267,0.0012689610031679222,621.0169418915616,0.6446453928947449,1.1135881423950196,1.539996337890625,2.118540048599243,2.5735556364059446,3.5919710159301785,4.622652149200437,5.5161430931091315,6.704445786476141
268,0.0012689610031679222,788.0462815669912,0.5316703021526337,0.7930945992469787,1.3095795750617971,2.1281906604766845,2.5270863652229307,2.8452885150909437,4.084765219688413,5.055842308998108,6.166940579414386
269,0.0012689610031679222,1000.0,0.6062451899051666,0.8976841211318969,1.3924709677696223,1.94815194606781,2.161524331569671,2.7373865842819214,3.5672047495841976,4.222926282882692,5.389771847724945
270,0.0017433288221999873,1.0,-0.019301455467939377,0.1352538377046585,0.3825475364923477,1.2465764999389648,1.4820652365684472,2.7471800804138184,3.211556553840637,3.490527248382571,6.291324453353912
271,0.0017433288221999873,1.2689610031679222,0.020991256460547447,0.34986205101013185,0.9203369557857513,1.426217341423035,2.174884450435637,2.6316709280014057,3.278152072429657,3.2974890923500064,3.97322864294053
272,0.0017433288221999873,1.6102620275609394,0.16641919314861298,0.632765483856201,1.1845692873001097,1.6435336828231817,1.8751668691635117,2.537059354782106,3.1153793215751637,3.482475132942201,4.5592230367660544
273,0.0017433288221999873,2.043359717856942,0.22353527694940567,0.5510883212089537,0.8390887558460233,1.6242748975753785,1.8961360514163952,2.862461590766907,3.2548839211463925,3.475487935543061,4.38675665855408
274,0.0017433288221999873,2.592943797404667,0.32104502618312836,0.7001206278800964,1.2413344264030453,1.9133549213409429,2.3845519542694085,2.9851547718048095,3.744066965579985,4.598214302062989,6.301886801719666
275,0.0017433288221999873,3.2903445623126686,-0.018067991361021996,0.3282553553581238,0.51392502784729,1.2531326532363891,1.3544534742832184,2.093572950363165,3.470551538467407,3.620339577198029,4.4564472293853985
276,0.0017433288221999873,4.1753189365604015,0.11826681345701218,0.6278235077857971,1.1738934755325316,1.9951255321502686,2.252189707756042,2.7127129793167115,4.349121546745299,4.891215620040896,9.048871097564726
277,0.0017433288221999873,5.298316906283708,0.054370347410440445,0.5497926712036133,1.2895243763923645,1.7089362144470215,2.032228565216064,3.3648570537567193,4.243817949295043,4.395378656387329,5.912891154289255
278,0.0017433288221999873,6.7233575364993365,0.22116683423519135,0.6262434244155883,1.025610864162445,1.703059768676758,2.4939331769943225,3.057095980644227,4.112226843833923,4.293198323249818,6.14904608249665
279,0.0017433288221999873,8.531678524172808,0.2049885094165802,0.3332466900348663,0.895152449607849,1.500752234458924,1.8747080087661743,2.2484532356262217,2.9776082396507237,5.006351919174195,10.313763637542724
280,0.0017433288221999873,10.826367338740546,0.39070551097393036,0.7079531192779541,1.121167826652527,1.6137244224548342,1.9119528532028194,2.1798634290695205,3.1533585786819445,3.7420351576805118,4.436898303031945
281,0.0017433288221999873,13.73823795883263,0.3112417459487915,0.38833863735198976,0.7884276986122121,1.9959180355072024,2.5307777047157285,3.60824582576752,4.406603193283079,5.762723355293277,8.39868792533877
282,0.0017433288221999873,17.43328822199988,0.34562669694423676,0.5376725435256957,0.7279598116874693,1.1136878728866577,1.3221125721931437,2.002296948432923,3.293426799774169,3.651707916259766,4.362820577621468
283,0.0017433288221999873,22.122162910704493,0.2791488319635391,0.4508708715438843,0.726807951927185,0.9713754296302796,1.0483488023281096,1.8169418215751694,3.276445364952086,3.9068764901161193,4.114013209342957
284,0.0017433288221999873,28.072162039411772,0.06278043799102306,0.22317852675914762,0.6489071488380431,0.9393055677413944,1.5146111667156215,2.1510725736618057,3.413085508346556,3.9892218685150147,4.5552286291122615
285,0.0017433288221999873,35.62247890262442,0.6158018708229065,0.766169798374176,1.3919863462448119,2.006002759933472,2.296781706809997,2.5438627004623413,3.348236632347107,3.4976598048210157,5.08587746620179
286,0.0017433288221999873,45.20353656360243,0.4042767137289047,0.5974955081939697,1.1080286383628846,1.6480211734771728,1.8769195675849915,2.7082720279693615,3.4323904514312735,4.088307223320007,5.674817733764667
287,0.0017433288221999873,57.36152510448679,0.9672335386276245,1.3815227031707762,1.9060445904731749,2.6176592826843263,2.859731578826903,3.9341419219970706,4.382526397705078,4.4616538906097425,5.257193675041205
288,0.0017433288221999873,72.7895384398315,0.6695416271686554,1.3587266206741333,1.7915401935577393,2.8349546432495116,3.1214675784111017,4.19770498275757,5.0067753076553325,5.885573148727418,7.242280392646803
289,0.0017433288221999873,92.36708571873861,0.4253256320953369,1.0877273321151733,1.849935519695282,3.0241608142852785,3.5791525721549973,4.821962690353395,5.872488403320311,6.482510261535645,6.869675431251529
290,0.0017433288221999873,117.21022975334806,0.40408164262771606,1.5845762491226196,2.1747656106948847,2.7518583297729493,3.193130528926849,3.8402790069580104,4.67631938457489,5.132965831756594,7.061477751731878
291,0.0017433288221999873,148.73521072935117,0.199377179145813,0.503595983982086,1.4085964441299437,2.2073193550109864,2.536617696285247,3.2126533985137957,3.9590911149978627,4.715609617233277,5.3512111568450935
292,0.0017433288221999873,188.73918221350976,0.3223670572042465,0.8407126426696776,1.3924235224723815,2.2965705394744877,2.6713158965110777,3.4005312442779565,4.721153545379637,5.733434801101685,8.322728919982914
293,0.0017433288221999873,239.5026619987486,0.940760612487793,1.6129847049713135,2.0701576828956596,2.6262043952941894,2.946450960636138,3.5140419960021996,4.544767761230467,5.6671266889572145,6.133396916389467
294,0.0017433288221999873,303.9195382313198,0.38758648931980133,0.680999457836151,1.1682400584220887,2.057286500930786,2.9670209765434254,3.861407160758973,6.104303288459777,7.275343523025513,8.077132139205942
295,0.0017433288221999873,385.6620421163472,0.4166402667760849,0.8004160761833191,1.2348588228225708,2.044312334060669,2.475867700576782,3.115700244903566,3.9801063060760438,6.224383211135866,7.462275099754337
296,0.0017433288221999873,489.3900918477494,0.9804331660270691,1.6798836231231689,2.60949010848999,3.4458593368530273,3.7461704969406124,4.588434457778931,6.6388209342956515,8.73146411895752,10.738091735839857
297,0.0017433288221999873,621.0169418915616,0.7291480600833893,1.2241714715957641,1.7256143569946287,2.6881076335906986,3.5824037790298453,4.488160848617556,6.762251853942869,8.360065689086914,9.621531715393079
298,0.0017433288221999873,788.0462815669912,0.7419603168964386,1.0482003688812256,1.331608986854553,2.086302995681763,2.6578968286514275,3.0693818807601936,4.411492419242859,4.610655765533449,6.199864478111276
299,0.0017433288221999873,1000.0,0.48667915165424347,0.7433282136917114,1.4696036100387573,2.4154399394989015,2.731236803531646,3.391594552993775,4.179061770439148,4.6911715698242205,8.08619297027589
300,0.002395026619987486,1.0,-0.04759909026324749,0.1506210446357727,0.49784570336341855,1.1717650175094607,1.5826904833316804,1.879929089546204,2.318080186843872,2.4730340385437013,3.3165212583541925
301,0.002395026619987486,1.2689610031679222,0.17605094611644745,0.5409547388553617,0.998635846376419,1.6124667882919312,1.8620928883552537,2.5179895639419563,3.0216801404953,3.285529465675354,4.19751873016358
302,0.002395026619987486,1.6102620275609394,0.180768184363842,0.4483576476573943,0.9577865302562709,1.5283720016479492,1.7654367387294756,2.5510196685791025,3.4743367195129395,3.5779320669174197,5.425280027389551
303,0.002395026619987486,2.043359717856942,0.12053746730089188,0.3235263526439667,0.7164513170719145,1.0800934076309205,1.8196770071983313,2.7794060468673707,3.4061643838882443,3.8398003435134895,6.023218579292309
304,0.002395026619987486,2.592943797404667,-0.029652077704668045,0.3468915522098541,0.8972011029720302,1.7318285703659062,2.459128940105438,2.7792003393173244,4.161627006530758,6.574828028678896,10.015298824310328
305,0.002395026619987486,3.2903445623126686,-0.026564783416688442,0.03512381240725516,0.4067357450723646,1.118182468414307,1.2989512979984281,1.618280947208409,2.3615743160247797,2.734391438961029,2.8651825499534618
306,0.002395026619987486,4.1753189365604015,0.043587543070316315,0.33648939132690425,0.5361184000968933,0.9390688180923462,1.1876864731311798,1.7258588790893572,2.7238289237022384,4.556426482200625,7.5048893785476976
307,0.002395026619987486,5.298316906283708,0.10545343160629272,0.38351616859436033,0.5577963113784788,1.0883418083190919,1.769298464059829,2.2756491899490365,3.057325828075406,4.439177436828614,5.721701765060428
308,0.002395026619987486,6.7233575364993365,0.17299924790859222,0.30185929536819456,0.582484459877014,1.380728530883789,1.687937331199646,2.2903879165649417,2.524351811408995,4.320327353477479,7.0787527036666935
309,0.002395026619987486,8.531678524172808,0.30094271898269653,0.5082342386245727,0.9435764908790587,1.6289032220840456,2.0557842612266533,2.684280395507813,3.277344048023224,4.068367505073549,5.922699990272532
310,0.002395026619987486,10.826367338740546,0.34320303797721863,0.44813878536224366,0.8488497674465179,1.1393025636672973,1.305529844760894,1.9174186229705812,2.4954042553901665,3.0212834215164186,3.6178286314010624
311,0.002395026619987486,13.73823795883263,0.2714998126029968,0.36893731355667114,0.4655031085014343,0.8144837737083436,2.5448225021362294,3.233172106742859,4.448524785041809,5.600938143730167,8.816936883926397
312,0.002395026619987486,17.43328822199988,0.29276806116104126,0.4946437954902649,0.6172220945358277,1.0097229242324832,1.2680528044700605,2.5316974878311167,3.4124721050262434,5.572404494285584,7.048815131187456
313,0.002395026619987486,22.122162910704493,0.3897872269153595,0.7307986736297606,1.1486422300338743,2.7820608139038088,3.1730162858962982,3.767821264266968,4.473927283287047,5.07799485206604,5.556704387664808
314,0.002395026619987486,28.072162039411772,-0.013166680000722408,0.17310237288475033,0.7812362968921659,1.418072319030762,1.7288837611675243,2.2485482692718515,3.667921316623686,4.314646401405335,4.868935985565193
315,0.002395026619987486,35.62247890262442,0.4773503690958023,0.9023938298225402,1.0912054777145386,1.3193964004516603,1.5233351886272424,2.283838820457459,3.289725303649901,5.287122869491579,7.241452622413637
316,0.002395026619987486,45.20353656360243,0.48833930492401123,0.8550079822540283,1.1599961638450622,1.7803276538848878,2.185384404659271,3.1260862827301037,3.9542493820190425,4.1352799701690675,6.895737409591691
317,0.002395026619987486,57.36152510448679,0.920541912317276,1.2688174962997436,1.6641464591026307,2.5587258338928223,3.0865890741348263,3.316149640083315,4.488506650924681,5.270430879592896,5.397901539802553
318,0.002395026619987486,72.7895384398315,0.31204770505428314,0.8910269856452939,1.5127814650535583,2.310247135162354,2.7192828178405755,3.1159432649612446,4.609653544425963,5.626720123291016,7.358052797317512
319,0.002395026619987486,92.36708571873861,0.757330596446991,1.2175246953964234,1.9365480065345764,2.9057952404022216,3.2686034560203545,4.141872358322144,5.180044198036191,6.785947432518006,10.112509269714362
320,0.002395026619987486,117.21022975334806,0.3896317631006241,0.9007446408271789,1.8110157370567321,2.6185299873352053,2.9529643058776838,3.471881818771365,5.800955986976621,7.20061466217041,8.055192737579356
321,0.002395026619987486,148.73521072935117,-0.03971241973340511,0.3332772374153137,0.8372643411159514,1.536229920387268,1.914795988798141,2.474501347541809,3.3414224505424497,4.394014372825623,5.070198969841011
322,0.002395026619987486,188.73918221350976,0.3037685453891754,0.8725995659828185,1.803202331066131,2.8498587608337407,3.667873513698577,4.490110111236574,7.117846488952635,8.159890804290772,10.13068782806398
323,0.002395026619987486,239.5026619987486,-0.2562413215637207,0.08516624420881266,0.9629767179489134,1.619596242904663,2.074037563800811,2.6601214647293148,4.443644285202026,4.601803784370424,6.490538840293905
324,0.002395026619987486,303.9195382313198,0.6257182657718658,1.9674344301223754,2.6117486000061034,3.3663457870483398,4.009254956245422,4.294273424148559,5.781214213371275,6.679124703407288,7.726211071014413
325,0.002395026619987486,385.6620421163472,0.32714200019836426,0.5143914461135863,0.8389989554882049,2.143367576599122,2.919005894660949,3.6247123003005997,4.93907458782196,5.669088439941407,7.642564921379091
326,0.002395026619987486,489.3900918477494,-0.029768855310976505,0.40572245121002193,1.0034404873847962,1.785598969459534,2.6612638950347876,3.558122730255129,4.512701869010925,5.251854367256165,5.8397658109665125
327,0.002395026619987486,621.0169418915616,0.5517895221710205,0.9154513478279114,1.5623717784881592,2.6732488632202154,3.552345860004425,3.9820360183715895,6.6771760225296015,7.041033606529236,8.298216028213503
328,0.002395026619987486,788.0462815669912,0.4638308137655258,0.7191953182220459,1.5096142411231994,2.2118494987487796,3.0302654504776,3.4611396312713625,5.443146824836731,5.825589375495912,8.044324445724506
329,0.002395026619987486,1000.0,0.19816789776086807,0.42764750719070427,0.8045173108577727,2.168213081359864,2.939422667026519,4.004332566261292,5.305900263786316,5.535205354690553,9.851634349823001
330,0.0032903445623126675,1.0,-0.03080012183636427,0.14983536601066585,0.6590719878673551,1.0838308334350588,1.3291654109954834,1.9996427416801508,4.341041541099548,4.64119541168213,8.188871259689341
331,0.0032903445623126675,1.2689610031679222,0.05352556332945824,0.17904502749443052,0.5704617142677307,1.6428339481353762,2.0106484711170185,2.385385823249817,3.1426482319831814,5.450998854637147,7.6279384326934965
332,0.0032903445623126675,1.6102620275609394,0.5881064832210541,1.0351155996322632,1.437998020648956,1.7754583835601814,2.225574862957001,2.682002925872804,3.2523558259010312,3.707922747135163,5.4930823802948465
333,0.0032903445623126675,2.043359717856942,0.0928003378212452,0.2747972130775451,0.6725914895534513,0.9755831718444825,1.379288613796233,1.7253900527954127,2.512739121913909,3.208672070503235,4.134046678543109
334,0.0032903445623126675,2.592943797404667,0.23285993188619614,0.39019520282745357,0.8040861785411835,1.407676386833191,1.832497060298919,2.380747818946841,4.4670261383056635,4.630276336669922,5.161912813186687
335,0.0032903445623126675,3.2903445623126686,0.012305254116654396,0.16490026414394376,0.3927019208669662,1.033287787437439,1.639395421743392,1.9890800356864933,2.731181061267853,2.937547905445099,3.5844635081291205
336,0.0032903445623126675,4.1753189365604015,0.06353051215410233,0.4437792956829071,0.7900871276855467,1.656740403175354,1.8811478137969961,2.40580804347992,3.4223340153694153,4.601599273681641,6.012960133552555
337,0.0032903445623126675,5.298316906283708,0.2503255605697632,0.7552911043167113,0.9738881528377531,1.8335195064544687,2.768918132781982,3.618304443359375,4.583252930641169,6.229201273918154,10.424742622375494
338,0.0032903445623126675,6.7233575364993365,0.27543842792510986,0.436498463153839,0.9510209739208221,1.5848340034484865,2.1126446366310097,2.6610584020614647,4.05880434513092,4.512002120018006,4.79599009513856
339,0.0032903445623126675,8.531678524172808,0.2673790007829666,0.5170577645301817,0.9191404104232785,1.3266389131546021,1.7972265899181363,2.1102091073989873,2.7412341356277454,3.5345651435852057,5.120738630294801
340,0.0032903445623126675,10.826367338740546,0.3291219621896744,0.5674265861511231,0.9227073013782497,1.5974177598953248,1.7372296690940856,2.3178866386413577,2.8231871604919427,3.7307690072059634,3.778147737979895
341,0.0032903445623126675,13.73823795883263,0.40733858942985535,0.49144746661186217,0.8361819863319395,1.3425809860229494,1.6389478385448453,2.2485647678375256,3.085332679748535,3.361869719028473,3.601095142364502
342,0.0032903445623126675,17.43328822199988,0.29996007680892944,0.5243891596794128,0.6792701959609985,0.920882534980774,1.1285669863224028,1.649212646484376,2.4984373092651366,3.413101599216461,3.5396873235702517
343,0.0032903445623126675,22.122162910704493,0.2838658392429352,0.6232130646705627,0.9971499145030974,1.7398907661437997,2.561761605739592,3.7308239459991466,5.085978484153747,5.459087562561036,7.062366657257087
344,0.0032903445623126675,28.072162039411772,0.16090859472751617,0.48873660564422605,1.0605310559272765,1.4589303493499757,1.6681479871273037,2.096037817001343,2.9952191472053524,3.2323921084403993,4.809101719856268
345,0.0032903445623126675,35.62247890262442,0.3716220408678055,0.7426774621009826,1.1117014646530148,1.8371667146682744,2.0842047333717346,2.23301320075989,3.2667837381362883,5.438520450592042,7.361249589920053
346,0.0032903445623126675,45.20353656360243,0.9912686049938202,1.4936996698379517,1.7628904700279235,2.2959593772888183,2.7614545583724968,4.0111530303955085,4.977711677551269,6.113534283638002,9.50932543754579
347,0.0032903445623126675,57.36152510448679,1.4626168012619019,1.6587571382522583,2.1210136890411375,2.765950584411621,3.3539007067680355,3.728599071502686,5.054829335212707,5.259774446487427,6.409839940071109
348,0.0032903445623126675,72.7895384398315,1.1218914985656738,1.5898628950119016,2.252592015266418,2.902406358718872,3.708104383945465,4.560879421234132,5.1565598964691155,6.427826046943665,7.168890089988717
349,0.0032903445623126675,92.36708571873861,0.23616573959589005,0.7033653259277342,1.676874053478241,2.233984613418579,3.0153862714767454,3.43556365966797,4.75619077682495,5.6179332113266,6.940185780525217
350,0.0032903445623126675,117.21022975334806,0.3446502834558487,0.8079778313636778,1.2911125183105467,2.345931959152222,2.7389034509658794,3.1075317859649685,4.579695558547973,5.159406728744507,6.010633525848401
351,0.0032903445623126675,148.73521072935117,-0.07444014213979244,0.3290006399154663,0.842826747894287,2.083377552032471,2.4988205671310424,4.10615291595459,4.477318692207335,5.154575223922731,9.377711381912242
352,0.0032903445623126675,188.73918221350976,0.0026689302176237106,0.6197705149650573,1.3891949415206908,1.7662960529327394,2.0968893289566033,3.0503639936447144,3.7417939066886894,4.597486429214478,6.832002067565931
353,0.0032903445623126675,239.5026619987486,-0.04459206946194172,0.3552886724472042,1.0003967583179474,1.7398320198059085,2.6797164320945734,3.552208733558655,6.020322990417481,6.366541814804078,8.253238058090211
354,0.0032903445623126675,303.9195382313198,-0.1534428521990776,0.03945917785167671,0.5695400834083557,0.9311322927474982,1.7324016571044918,2.0274132490158103,2.9493940353393553,3.5343283224105844,5.780181832313562
355,0.0032903445623126675,385.6620421163472,-0.20333611965179443,-0.018089520931243903,0.5933296859264369,1.7018757581710817,1.9541359305381774,2.3162613630294806,3.246022272109984,4.4287881565094,6.7026477861404645
356,0.0032903445623126675,489.3900918477494,-0.1477069929242134,0.25595875382423394,0.6877001583576202,1.4776625633239748,2.0613681197166427,4.000811839103703,6.041610693931579,6.475118141174317,8.359996347427371
357,0.0032903445623126675,621.0169418915616,0.22212760150432587,0.3864290654659271,1.0048558771610252,2.948666095733643,3.6502506375312804,4.485620021820072,7.225293350219721,9.12566077232361,9.593252897262595
358,0.0032903445623126675,788.0462815669912,-0.1320211961865425,0.17982509136199945,0.815786498785018,2.0646400451660156,2.388730669021606,3.6507478952407877,6.576403498649593,8.407253046035768,12.493324127197269
359,0.0032903445623126675,1000.0,-0.023684406653046608,0.10405608415603632,0.4470783263444899,0.8906576037406924,1.331139814853667,1.9574638247490035,3.986444973945615,6.064566087722779,11.587112922668464
360,0.004520353656360241,1.0,0.17614072561264038,0.5122459232807158,0.945110136270523,1.2159870624542237,1.7794933438301082,2.670815706253055,3.487030923366546,3.9158181810379054,6.227695255279593
361,0.004520353656360241,1.2689610031679222,-0.03590981476008892,0.1504858702421188,0.7844885647296905,1.5895545005798342,1.9263115644454947,2.4282120466232304,4.273832869529724,4.508697438240051,5.251065492630009
362,0.004520353656360241,1.6102620275609394,0.13565360754728317,0.23914083540439604,0.5783492267131805,1.0398117065429688,1.856343829631805,2.329227900505067,3.413568866252899,4.296486325263977,4.615793948173531
363,0.004520353656360241,2.043359717856942,-0.026183711364865303,0.31177414655685415,0.8426654577255249,1.4244503259658814,1.5842017292976376,1.8550730586051962,2.544866681098938,2.703760890960694,4.212255721092232
364,0.004520353656360241,2.592943797404667,0.03529295697808266,0.3671833753585815,0.696870857477188,1.7597206115722657,2.0167324662208554,2.6500876426696784,4.195192885398864,5.675651369094849,6.577458858490013
365,0.004520353656360241,3.2903445623126686,0.030976884998381138,0.1657867670059204,0.3997471451759338,0.8139182806015016,1.056355792284011,1.566744148731232,2.058337295055389,2.5525535345077515,3.927951965332059
366,0.004520353656360241,4.1753189365604015,0.10100303590297699,0.35478470921516414,0.7687895655632018,1.0560974836349488,1.439490592479705,1.9640691041946416,3.4861577510833737,3.5491511702537535,4.111508245468152
367,0.004520353656360241,5.298316906283708,0.162651427090168,0.33509535193443296,0.6713211894035338,1.3776135444641113,1.6508875072002394,2.3990448951721195,4.032177782058715,4.658232579231262,5.144763216972352
368,0.004520353656360241,6.7233575364993365,0.40243496000766754,0.8446984291076659,1.3884033083915708,2.2063700675964357,2.368732237815856,2.9821688652038594,4.657624435424805,6.452971920967102,8.82581730842591
369,0.004520353656360241,8.531678524172808,0.5550241768360138,0.8434047102928162,1.1478059053421021,2.0693183422088626,2.77740086317062,3.68404724597931,5.08011755943298,6.41413275718689,9.997603549957288
370,0.004520353656360241,10.826367338740546,0.34292785823345184,0.47712042927742004,0.7008594334125519,1.2862550258636478,1.6009739696979512,1.9558731555938724,2.868713498115538,4.68795084476471,8.292803878784198
371,0.004520353656360241,13.73823795883263,0.292512446641922,0.4325185120105743,0.6226019978523254,1.033866024017335,1.4768378198146808,2.7528453111648576,4.15185430049896,5.3251760387420655,6.794320187568666
372,0.004520353656360241,17.43328822199988,0.4290169030427933,0.7242271900177001,1.2985873341560363,1.8290109634399416,2.082162714004516,2.5140913724899345,4.978690338134765,5.645370626449586,7.503344798088074
373,0.004520353656360241,22.122162910704493,0.5698197782039642,0.7928598761558533,1.5955385565757751,2.0444184303283692,2.6973174691200246,3.5060109138488786,4.624482941627503,4.675077314376832,7.065136766433728
374,0.004520353656360241,28.072162039411772,0.8450550436973572,1.2195902824401854,1.5375869035720822,2.1256097316741944,2.5208750605583177,2.8344342231750494,4.1232208490371685,5.390520920753482,8.947341737747195
375,0.004520353656360241,35.62247890262442,0.8029704093933105,1.160553216934204,1.7986868381500243,2.217136335372925,2.541981601715088,3.4943589210510275,4.552151894569396,5.130077424049379,6.6665531349182165
376,0.004520353656360241,45.20353656360243,1.2939277291297913,1.5118641138076783,1.8005580306053162,2.406201696395875,3.037975108623504,3.5393254756927495,5.379899668693542,5.5674902009964,6.75662238597871
377,0.004520353656360241,57.36152510448679,1.1591917872428894,1.4365324974060059,1.6567010402679443,2.5714371681213377,2.92855839729309,3.549124908447267,4.619512081146239,5.457194166183472,7.9930703210830725
378,0.004520353656360241,72.7895384398315,0.42641304433345795,0.5981791019439696,0.9137274920940399,1.3910560846328741,1.6499204993247982,2.5562829256057786,4.196894669532774,5.171384792327884,8.042260475158699
379,0.004520353656360241,92.36708571873861,-0.10394484549760818,0.19675721228122706,0.6846160650253292,1.8077556848526002,2.5676907300949097,3.6513405799865732,4.421377706527708,8.085648984909058,8.6741187477112
380,0.004520353656360241,117.21022975334806,-0.13806215673685074,0.07184532433748245,0.4038098871707914,1.324634385108948,1.5623342335224146,1.9952103018760685,2.899164545536041,3.6494360303878794,4.4979896259308125
381,0.004520353656360241,148.73521072935117,-0.05753244832158089,0.14200273901224128,0.26727677881717676,1.489242339134217,2.355749428272247,2.708188366889954,3.861475658416746,5.357793354988101,7.817799210548417
382,0.004520353656360241,188.73918221350976,-0.23837217688560486,-0.09981288462877277,0.0035824191756546357,0.6873592972755435,1.2756988525390618,1.8935119390487676,2.7152586340904223,3.1100139975547796,3.982583389282244
383,0.004520353656360241,239.5026619987486,-0.16888325661420822,-0.039410466700792325,0.038118736445903745,0.754310178756714,1.3903603553771948,1.8582279205322267,2.6845477342605584,3.3876513385772715,6.389840259552013
384,0.004520353656360241,303.9195382313198,-0.2152358740568161,-0.10477129369974139,0.030254275351762734,0.9123313426971439,1.6528879404067967,2.2555685043334974,4.973244142532348,7.545284590721132,9.97082461357118
385,0.004520353656360241,385.6620421163472,-0.294587105512619,-0.19629071056842806,-0.028236787393689188,0.3483869016170504,0.567314329743385,0.9716638207435634,1.7134501099586479,1.9998665082454683,2.3831278562546068
386,0.004520353656360241,489.3900918477494,-0.1120503693819046,-0.03206294775009156,0.04597096405923365,1.1211872816085817,1.5227052152156828,2.195898199081421,4.116052412986754,5.287115044593812,9.07928777694704
387,0.004520353656360241,621.0169418915616,-0.030969535931944847,0.08524965494871137,0.40779080092906944,1.197770261764527,1.6879025399684882,2.1877406835556035,4.365455126762388,5.104222679138184,6.597577395439193
388,0.004520353656360241,788.0462815669912,-0.020146917551755905,0.13665007352828978,0.43573985397815684,1.0271021366119388,1.28037759065628,1.8505659937858598,3.7717718601226804,5.268215293884278,9.898560333251957
389,0.004520353656360241,1000.0,-0.03408995643258095,0.02617800422012803,0.4862672984600064,1.3405856847763062,1.7802835702896085,2.4433008432388315,3.0085505366325367,3.470364394187928,4.261158761978152
390,0.006210169418915616,1.0,-0.019884255714714527,0.26657874584197994,0.5755628347396851,1.3099494218826295,1.7217089235782594,2.623629522323609,3.474046134948729,3.982193706035614,10.610722970962529
391,0.006210169418915616,1.2689610031679222,-0.020146917551755905,0.19598378241062162,0.45612174868583677,1.209289646148682,1.4516879737377164,1.8340483784675625,3.369211101531982,4.29927414894104,5.847512507438689
392,0.006210169418915616,1.6102620275609394,0.02084518945775926,0.2366757482290268,0.6640367269515988,1.0039745807647706,1.5003002345561978,1.852609777450562,2.8653039216995237,3.103389565944672,5.028472256660469
393,0.006210169418915616,2.043359717856942,-0.006282798945903778,0.24225594103336334,0.7942681968212127,1.3634164571762086,1.539269465208053,1.8626677274704033,3.2315439462661733,3.8722458338737487,4.921607155799866
394,0.006210169418915616,2.592943797404667,0.05402434058487415,0.23529640436172486,0.6391199946403501,1.0898186922073367,1.8228353202342986,2.516252589225769,3.7111021041870114,4.38873438835144,4.544318232536316
395,0.006210169418915616,3.2903445623126686,0.19274687767028809,0.3420091331005096,0.5311807751655578,1.004782819747925,1.4045917510986314,1.696757721900943,2.9876699209213253,3.346137554645539,4.6649808549881016
396,0.006210169418915616,4.1753189365604015,0.2928972542285919,0.3996707141399383,0.6961662292480468,1.1710920572280887,1.64488456249237,2.4548058509826665,3.6230853438377375,4.938352231979371,6.498145532608044
397,0.006210169418915616,5.298316906283708,0.2920679450035095,0.4492791354656219,0.8292725801467894,1.5819476842880251,2.108025217056274,2.2875991582870525,3.1954656720161436,3.246184833049774,3.8698471784591684
398,0.006210169418915616,6.7233575364993365,0.39611633121967316,0.6588938355445861,1.0988826632499695,1.5897847890853882,1.964866220951079,2.934980893135073,4.070261287689209,4.5449176788330075,4.698020710945139
399,0.006210169418915616,8.531678524172808,0.3839021176099777,0.817343282699585,1.2273919343948363,1.7687155485153199,1.9271526157855967,2.5864296913146974,3.682403826713562,4.078588671684265,6.144219746589667
400,0.006210169418915616,10.826367338740546,0.38198481500148773,0.5951890110969543,0.9167035698890684,1.6258913040161138,2.492894792556762,2.726501202583313,3.631396555900573,4.665337672233582,5.999009013175981
401,0.006210169418915616,13.73823795883263,0.4285750240087509,0.6080114126205445,0.921373403072357,1.454242563247681,1.9432205259799953,2.671285200119019,3.411719441413879,4.037723784446717,4.674958376884468
402,0.006210169418915616,17.43328822199988,1.0089877247810364,1.4027524709701538,1.7177477836608888,2.343518304824829,2.467462480068207,2.731764483451843,3.678140521049499,4.3599510717391965,4.945598812103296
403,0.006210169418915616,22.122162910704493,1.2734047770500183,2.0424053430557247,2.949161124229431,3.602355432510376,4.1122921943664545,4.358732604980469,5.391027331352231,6.809598569869995,10.496245107650768
404,0.006210169418915616,28.072162039411772,1.496001422405243,1.7970399379730224,2.0871001243591305,2.9743314743041993,3.423894989490509,3.95215895175934,5.14559543132782,6.212139592170716,6.8747901916503995
405,0.006210169418915616,35.62247890262442,0.6293159127235413,0.9501408219337464,1.6080849528312684,2.1700920104980472,2.5659260988235473,3.1392755746841448,3.837525916099548,4.780539236068726,5.3897621059417755
406,0.006210169418915616,45.20353656360243,1.1677647829055786,1.3854463338851928,1.5753674149513244,2.288050317764282,2.538010644912719,2.8555721521377584,3.5155214667320247,3.773174240589142,3.9646942615509047
407,0.006210169418915616,57.36152510448679,1.280606746673584,1.5383484840393067,1.8311236977577205,2.294338607788086,2.6607997655868525,3.150284075737,3.5324056625366187,4.499467597007754,6.348615694046053
408,0.006210169418915616,72.7895384398315,0.5651029348373413,0.9673049449920654,1.2799745559692381,1.701428270339966,1.8909079372882842,2.1807879447937015,4.341791462898255,4.452252345085145,5.87634304523468
409,0.006210169418915616,92.36708571873861,0.148972287774086,0.3846618294715881,0.7727543652057647,1.2188428640365603,1.5558265566825855,1.9484393477439883,2.952571213245392,3.063268759250642,6.192256412506109
410,0.006210169418915616,117.21022975334806,0.048029033467173576,0.1242264837026596,0.28307894766330716,0.6950920343399051,1.119735127687453,1.7546716570854197,2.489145565032957,3.2020171546936043,4.159090256690993
411,0.006210169418915616,148.73521072935117,-0.04572208411991596,0.018175177648663512,0.09128572717308994,0.3395386338233949,0.41076246798038407,0.8861878871917738,1.5004854977130888,2.1075955462455753,2.602558450698899
412,0.006210169418915616,188.73918221350976,-0.02110172901302576,0.01561770513653753,0.24728944301605207,0.9473268389701844,1.4695855021476745,1.6779057979583751,2.594068813323973,3.3907942295074465,4.050483722686785
413,0.006210169418915616,239.5026619987486,-0.024891973473131657,0.08299978375434872,0.49214757084846494,0.8985112190246585,1.0933544218540183,1.482037234306336,1.784886693954467,2.177867546081545,5.875082960128797
414,0.006210169418915616,303.9195382313198,-0.022622639313340187,0.030324651300907116,0.13687211275100705,0.2686853170394899,0.6214257657527908,1.2254939198493957,2.89603921175003,3.1505326199531556,4.611238541603089
415,0.006210169418915616,385.6620421163472,-0.06561487913131714,-0.0012236733920872227,0.0718359425663948,0.16133700013160712,0.20796199291944498,0.5687179863452915,1.406395471096037,2.332967689037323,3.7177604198455843
416,0.006210169418915616,489.3900918477494,0.015106838196516037,0.10442288219928741,0.23506890833377822,0.45663592815399173,0.7916989922523496,1.8372109055519137,3.0839288592338563,4.121644902229309,4.709708390235911
417,0.006210169418915616,621.0169418915616,0.04803023487329483,0.15134053528308866,0.3896784245967865,1.0688780069351198,2.0885311961173985,3.000492262840276,4.22373707294464,4.867248125076296,9.964405851364136
418,0.006210169418915616,788.0462815669912,0.07361825183033943,0.09654135555028914,0.1676260620355606,0.38586529493331917,0.5549534112215041,0.9252423465251942,1.8556949198245993,2.3233847355842596,4.460345282554633
419,0.006210169418915616,1000.0,0.0665726326406002,0.13316056728363035,0.3499547719955443,0.821409797668457,1.0213181376457214,1.3710589408874545,3.190982282161712,4.015246226787568,4.735356473922763
420,0.008531678524172805,1.0,-0.020146917551755905,0.17157782316207876,0.7102739870548248,1.4657094717025763,1.861906075477599,2.870742726325991,4.020729637145996,8.676720371246342,13.075709934234622
421,0.008531678524172805,1.2689610031679222,0.17878279089927673,0.3117087185382843,0.9726244628429412,1.7318254947662355,2.138611531257629,2.607013368606568,3.915299904346466,4.526545143127442,5.332196288108828
422,0.008531678524172805,1.6102620275609394,-0.015780875459313393,0.10832856744527815,0.24106646776199336,0.8596110224723816,1.1856101870536784,2.1009325027465824,2.81914528608322,5.429547977447511,9.644871940612795
423,0.008531678524172805,2.043359717856942,0.2598739415407181,0.4425688028335571,1.3594182252883908,1.855228090286255,1.9983003973960873,2.738390564918523,4.60648226737976,5.625312399864197,6.3184707355499485
424,0.008531678524172805,2.592943797404667,0.18276921659708023,0.452737557888031,0.7090753376483917,1.0535937547683716,1.4830185115337362,1.8679240345954895,2.773834466934204,2.9969607615470886,4.200807733535772
425,0.008531678524172805,3.2903445623126686,0.1440427377820015,0.3181436240673065,0.7091654717922211,1.3497939348220829,1.8718184590339644,2.464533305168152,2.7778223037719725,3.0137539792060855,3.23923098564148
426,0.008531678524172805,4.1753189365604015,0.18223708868026733,0.3946982681751251,0.7444734334945677,1.3060488700866706,2.3003859162330613,2.820476508140564,4.050236010551452,4.924887313842773,5.844482569694528
427,0.008531678524172805,5.298316906283708,0.27065421640872955,0.4124663770198822,0.6953293621540069,1.1665883302688598,1.6588417708873724,2.55445055961609,3.6597807407379137,4.949734325408936,5.977775425910982
428,0.008531678524172805,6.7233575364993365,0.6637080907821655,0.965432071685791,1.3856695055961608,2.182051038742066,2.4723158001899717,3.0934348344802864,3.9290983915328974,5.349409551620484,6.768202004432685
429,0.008531678524172805,8.531678524172808,0.3129768371582031,0.4099312663078308,0.7519945919513701,1.604437279701233,2.0334432482719373,2.79403202533722,3.1694889068603502,4.199169502258303,7.370541024208089
430,0.008531678524172805,10.826367338740546,0.34129928052425385,0.4655880331993103,0.889892643690109,1.4158722877502443,1.8565780639648437,2.1657273292541506,3.483565437793731,4.054755306243897,4.797600808143622
431,0.008531678524172805,13.73823795883263,0.6313954889774323,1.0746282815933228,1.4210728645324702,1.8823485136032108,2.389071214199066,3.6007496833801276,4.3843909978866575,5.096956748962403,5.693643980026283
432,0.008531678524172805,17.43328822199988,1.253577172756195,1.824140238761902,2.7094955205917355,3.690451669692994,4.305652308464048,4.731208992004396,5.708061003684997,5.879698867797852,6.2231258678436365
433,0.008531678524172805,22.122162910704493,1.086803913116455,1.4674059391021728,2.318903279304504,3.0028031826019292,3.370745396614074,3.9947632312774664,6.038880515098571,6.747451362609864,7.380164670944242
434,0.008531678524172805,28.072162039411772,0.5680877268314362,0.7795940876007079,1.1333309054374692,1.6452336549758912,2.129688489437101,2.566588854789736,6.118175864219664,7.078613739013672,7.990787267684939
435,0.008531678524172805,35.62247890262442,0.8531759083271027,0.9961746811866761,1.7036576747894285,2.220622158050537,2.322973644733428,2.6450464963913003,3.949657976627349,5.364901523590088,6.834946236610415
436,0.008531678524172805,45.20353656360243,1.376809537410736,1.728592872619629,2.217832946777343,2.676497316360474,3.2861845016479476,4.078461599349981,5.260272026062011,5.835646991729736,7.173569812774661
437,0.008531678524172805,57.36152510448679,1.427002191543579,1.7076977252960204,2.164134907722473,2.5102675914764405,2.8179205060005184,3.3051785230636606,4.584484958648681,5.449694967269898,5.830086669921879
438,0.008531678524172805,72.7895384398315,0.7454810738563538,1.0405899286270142,1.3434016227722168,1.857579803466797,2.4059482932090757,2.777843809127808,3.1701561331748955,3.416216995716095,6.938044886589069
439,0.008531678524172805,92.36708571873861,0.3408019244670868,0.3791311740875244,0.4876105546951294,0.6193283438682556,0.8444868832826613,1.044676005840302,2.1661532163619985,3.0030844879150393,3.412798693180087
440,0.008531678524172805,117.21022975334806,-0.016107412055134773,0.07799011170864105,0.18808729201555244,0.37904396653175393,0.7896093487739556,1.2818447589874284,1.901487988233565,3.4956840705871586,3.9080089831352263
441,0.008531678524172805,148.73521072935117,-0.016450942493975163,0.07721292078495025,0.15945425182580947,0.35697959065437324,0.6333253860473628,1.0459204912185671,2.3102126002311696,3.0705897593498235,3.576155500411998
442,0.008531678524172805,188.73918221350976,0.17616285383701324,0.22187194526195525,0.5472537040710448,1.40405490398407,1.9675388395786277,2.4147342443466187,2.7929475188255304,3.140871937274935,5.789892482757577
443,0.008531678524172805,239.5026619987486,0.10515978932380676,0.16555081605911254,0.3473048210144042,1.0894861221313479,1.5328483343124386,2.3796215057373065,3.222888100147247,4.079415826797486,8.061816539764417
444,0.008531678524172805,303.9195382313198,0.13903970271348953,0.21008875370025634,0.3033676892518996,0.884582281112671,1.0322993338108044,1.6237882614135766,2.446675848960874,3.3913848328590417,6.0740070676803715
445,0.008531678524172805,385.6620421163472,0.06932877004146576,0.15252291262149809,0.20609617084264753,0.3822299122810364,0.7885410189628596,1.8216112852096564,2.6010797739028924,2.8843389129638677,3.7658463406562857
446,0.008531678524172805,489.3900918477494,0.1591675952076912,0.20677888095378874,0.457258015871048,0.8595893979072572,1.609053200483322,2.2461175203323376,2.6171965003013606,3.0368274211883546,4.286365127563492
447,0.008531678524172805,621.0169418915616,0.31518639624118805,0.5378457307815552,0.9377588272094726,1.826334881782532,2.0142167925834658,2.9710759162902853,3.744289278984069,4.101771740913391,5.103901638984684
448,0.008531678524172805,788.0462815669912,0.20541078597307205,0.325417011976242,0.6291495025157927,1.214509177207947,1.6361392498016345,2.189980006217958,3.1912072420120223,4.083468194007874,4.406710553169251
449,0.008531678524172805,1000.0,0.2168026641011238,0.41469894647598254,0.8627932250499725,1.5781449556350708,1.8642553687095618,2.59432249069214,3.984319746494293,4.724433269500732,5.747178506851211
450,0.011721022975334805,1.0,-0.023929473012685776,-0.020040468871593477,0.16176524609327317,0.6151280283927918,0.8194403082132335,1.2453848600387583,1.6129435300827024,1.7825607907772067,2.1839446210861237
451,0.011721022975334805,1.2689610031679222,0.11762191727757454,0.7743654251098632,0.9595886826515196,1.8357120275497438,2.2983875870704646,2.909779024124146,4.317423319816589,5.69235119342804,6.643591151237526
452,0.011721022975334805,1.6102620275609394,0.06090918742120266,0.38166289925575253,1.0678115129470824,1.5795835733413697,1.7093942463397975,1.958019268512726,2.4636574387550345,3.566247050762177,7.058202438354496
453,0.011721022975334805,2.043359717856942,0.029318650253117085,0.2383480578660964,0.619257378578186,1.0266988039016727,1.370719045400619,1.8376568317413338,2.559091556072235,3.5950613307952883,4.094609637260444
454,0.011721022975334805,2.592943797404667,0.2779868245124817,0.4404455304145813,0.6112766027450561,1.0780899047851564,1.541735368967056,1.9162304639816286,3.087533736228943,4.499995174407961,6.608380022048959
455,0.011721022975334805,3.2903445623126686,0.23225679993629456,0.43194860219955444,0.6966585814952849,1.5274056911468508,2.0712823510169978,2.6820098638534553,3.396059131622314,3.942312746047974,4.913596491813722
456,0.011721022975334805,4.1753189365604015,0.39035530388355255,0.5903852343559265,0.7966544091701507,1.2355909347534182,1.833170086145397,3.067510461807252,4.934011721611022,5.393907308578492,6.3032274675369315
457,0.011721022975334805,5.298316906283708,0.43594537675380707,0.6493610858917236,1.471318006515503,2.1017629146575927,2.3764418363571167,2.893294429779053,3.916945421695708,4.816120758056643,6.932402191162158
458,0.011721022975334805,6.7233575364993365,0.5005152374505997,1.065434169769287,1.8652375102043148,3.1311034679412852,4.055675756931301,5.303543090820317,6.703123044967651,7.98767454147339,9.394990091323857
459,0.011721022975334805,8.531678524172808,0.5906867980957031,0.7892147302627563,1.1602450013160706,2.1607866764068606,2.481523978710174,2.747380948066712,3.09309059381485,3.655531191825867,7.862834510803232
460,0.011721022975334805,10.826367338740546,0.3432205617427826,0.5521402478218078,0.9673455834388731,1.556927371025086,2.1748423695564267,2.3001306772232057,3.872569692134853,5.647340760231018,5.982654323577904
461,0.011721022975334805,13.73823795883263,1.3250338435173035,1.6217563152313232,1.9621596217155457,2.39299111366272,2.9488305807113617,3.493128037452698,4.119995045661925,4.655109915733338,6.727094306945808
462,0.011721022975334805,17.43328822199988,1.517045497894287,2.091922330856323,2.887107777595519,4.067394733428955,4.600514364242551,5.5846873283386245,6.714377236366271,6.969349546432496,9.080340042114281
463,0.011721022975334805,22.122162910704493,0.9570536017417908,1.2276692152023314,1.545416963100433,2.488104915618897,2.904955875873564,3.359096884727481,6.240929174423217,7.19592276096344,8.302725572586075
464,0.011721022975334805,28.072162039411772,0.462723970413208,0.5536005020141601,1.1201188802719115,1.4622037172317506,1.7184693753719325,1.9722141265869142,3.1596433877944943,3.3935595583915723,4.968641781806948
465,0.011721022975334805,35.62247890262442,0.4350334256887436,0.6509363651275635,0.8067789435386657,1.083468055725098,1.4619958043098442,1.7289509534835819,3.260346138477325,3.509261064529419,3.9301000308990544
466,0.011721022975334805,45.20353656360243,1.5780413150787354,1.7046842336654664,2.230409932136536,2.77182412147522,3.533855772018431,4.218345355987556,6.228167104721068,6.546677045822144,7.074048209190374
467,0.011721022975334805,57.36152510448679,1.8167440295219421,2.137797737121582,2.7575204133987423,3.191049337387085,3.5619558691978455,3.864691472053529,5.604121732711792,6.229085974693299,7.294689598083501
468,0.011721022975334805,72.7895384398315,1.2037622332572937,1.3355958223342896,1.5275179862976074,1.8434295654296875,1.9542616963386534,2.2819945335388185,2.8504658102989198,2.9620214629173285,3.8562458920478835
469,0.011721022975334805,92.36708571873861,0.6408034861087799,0.682407784461975,0.7827787518501281,0.8523302435874939,0.8806659430265424,0.9223378956317904,1.0096192181110382,1.0666353857517243,1.343323903083825
470,0.011721022975334805,117.21022975334806,0.11187170818448067,0.16510993540287017,0.212022553384304,0.32643026709556583,0.37582896649837483,0.5078084170818329,0.7376043200492857,1.0305040031671537,3.161250400543213
471,0.011721022975334805,148.73521072935117,0.012375334277749062,0.11519098430871963,0.19466991126537322,0.35870947241783147,0.6065463632345198,0.7073629200458533,0.8937680035829542,1.170588165521622,1.6227388834953314
472,0.011721022975334805,188.73918221350976,0.11841047555208206,0.1673571676015854,0.2343916952610016,0.44191082119941716,0.5186969101428983,0.6940630257129679,1.6626668393611908,2.224656388759614,3.6572622346878103
473,0.011721022975334805,239.5026619987486,0.18443498015403748,0.3224372863769531,0.44500159025192254,0.7170451998710633,0.9622706145048138,1.637996351718903,2.0785969257354737,2.684706490039826,3.4576503539085395
474,0.011721022975334805,303.9195382313198,0.1353200078010559,0.2002761036157608,0.3797668308019638,0.5096702218055726,0.5976820498704909,1.080854904651644,2.021473598480224,2.3645537710189823,2.95604327440262
475,0.011721022975334805,385.6620421163472,0.06498771533370018,0.13269689381122587,0.17984053045511245,0.25759575963020326,0.5887706518173214,0.8595338344573981,2.538405072689056,3.9840036010742192,4.576701378822327
476,0.011721022975334805,489.3900918477494,0.12795307114720345,0.18999665677547453,0.3043767809867859,0.5992403030395509,0.9118495345115655,1.215389657020569,1.7449519813060759,2.635460562705994,3.163039612770086
477,0.011721022975334805,621.0169418915616,0.15592452883720398,0.24207338392734526,0.8180891215801238,1.136645269393921,1.569660156965254,2.3428772211074835,3.2317602396011336,4.3852768135070805,5.061213974952708
478,0.011721022975334805,788.0462815669912,0.31354090571403503,0.4667682528495788,0.6686597168445586,0.8531780242919922,0.9814064025878902,1.1729029893875123,2.457756173610687,3.1065831708908096,5.986395297050477
479,0.011721022975334805,1000.0,0.2549388259649277,0.45004822611808776,0.9008076190948485,1.227284646034241,1.7361910641193388,1.9269710540771514,2.429706227779388,4.135138092041016,5.027111325263977
480,0.01610262027560939,1.0,0.06676560640335083,0.6038811206817627,1.4278036832809449,1.8475367069244388,2.5435777544975267,3.8162810802459726,4.853175044059753,5.053516125679017,6.086094260215787
481,0.01610262027560939,1.2689610031679222,0.030613483861088753,0.4141440749168395,0.788052749633789,1.6061450242996218,2.069260728359222,2.795558905601502,3.4338926553726195,3.6765222930908212,5.3909784746170395
482,0.01610262027560939,1.6102620275609394,0.05909707024693489,0.15081784725189207,0.31663962304592125,0.7476429939270025,1.6312840521335599,1.9210234522819536,2.6762724518775927,3.6317944216728213,4.3347759199142475
483,0.01610262027560939,2.043359717856942,0.0754636786878109,0.21166107058525083,0.4761568605899809,1.0768699407577516,1.938979303836821,2.2309817790985123,2.9885712742805466,5.696099743843081,7.340001640319862
484,0.01610262027560939,2.592943797404667,0.1379891261458397,0.30633921623229976,0.7826567471027374,1.7140141487121583,2.0340718865394587,2.661775255203247,3.277501273155212,3.819267067909241,4.584823288917557
485,0.01610262027560939,3.2903445623126686,0.3178015500307083,0.4352958023548126,0.8773264944553375,1.5069744110107421,1.940518325567243,2.8164406538009645,3.373084926605223,4.431312718391419,6.644228425025957
486,0.01610262027560939,4.1753189365604015,0.47499337792396545,0.7731338143348693,1.0871830105781555,1.6731550693511967,2.2596950531005846,2.74426293373108,3.7871191859245283,5.086297101974492,9.823537530899054
487,0.01610262027560939,5.298316906283708,0.30097658932209015,0.5242398500442504,0.9470530152320861,1.3622433423995972,1.6774345278739922,2.92441215515137,4.343487787246702,5.695095019340515,13.542879724502578
488,0.01610262027560939,6.7233575364993365,0.5181330442428589,0.85143084526062,1.3499061465263367,1.9226779460906986,2.2597672581672654,2.8453072786331184,4.0801918506622314,5.48147189617157,5.9475215148925855
489,0.01610262027560939,8.531678524172808,0.48137953877449036,0.8899431228637695,1.5475185394287105,2.316327905654908,3.5743118524551383,4.253210115432742,5.074163556098937,6.121641626358033,11.120598392486574
490,0.01610262027560939,10.826367338740546,0.9515587389469147,1.3291854619979857,1.879509401321411,2.4499409198760986,2.529961037635802,2.971474957466126,3.514178705215454,3.604820744991303,4.989080343246464
491,0.01610262027560939,13.73823795883263,1.2124618887901306,1.9605564594268798,2.4280102252960205,4.071582508087158,4.320076775550842,5.168185710906983,7.476406836509704,8.373357124328614,10.190379438400281
492,0.01610262027560939,17.43328822199988,1.3786441683769226,1.8691656112670898,2.430428671836853,3.1733322143554696,4.063525867462152,5.083344984054567,6.388077640533446,6.965007610321048,10.776185064315797
493,0.01610262027560939,22.122162910704493,0.7779230177402496,0.939613652229309,1.4752797603607177,2.245804357528687,2.5803417086601255,2.8930235862731934,3.651483571529387,4.886625776290894,7.8304692316055355
494,0.01610262027560939,28.072162039411772,0.45799921452999115,0.6251404643058777,0.7871189832687377,1.1989157438278197,1.3402948439121234,1.7118235349655153,3.6955632686614988,3.8097354340553284,4.082094016075167
495,0.01610262027560939,35.62247890262442,0.4291510730981827,0.6978773593902587,0.8646425426006317,1.0360298395156862,1.4759510576724992,2.310028123855593,3.3320979595184324,3.5855016326904297,3.9199827432632457
496,0.01610262027560939,45.20353656360243,1.2616949677467346,1.4629680871963502,1.549409234523773,1.7623959064483645,2.033880007266998,2.4447435379028324,3.048792135715484,3.40800555229187,3.7237435197830364
497,0.01610262027560939,57.36152510448679,2.0257139205932617,2.1730904579162598,2.338828611373901,2.5536588191986085,2.5991668462753297,2.7346143960952762,3.107978248596191,3.3404374742507934,3.4774370741844183
498,0.01610262027560939,72.7895384398315,1.351060926914215,1.5992739915847778,1.8349449634552,2.1019076347351073,2.1973189711570735,2.4838502883911135,2.903052234649658,3.136703503131867,3.5812568831443787
499,0.01610262027560939,92.36708571873861,0.808061420917511,0.8466417193412781,0.9299103200435638,1.0195496797561647,1.0741419255733489,1.1387193560600282,1.5033226430416105,1.6783234655857087,1.8517677080631265
500,0.01610262027560939,117.21022975334806,0.17759966850280762,0.24125981032848356,0.37620430588722226,0.5012361645698548,0.5319154381752014,0.6200633406639099,1.0726090729236601,1.1126982414722448,1.7820316088199664
501,0.01610262027560939,148.73521072935117,0.0938420258462429,0.13485681116580964,0.32009783685207366,0.614292871952057,0.6797466874122619,0.8883152306079866,1.1994244635105122,1.6016979992389682,2.014522216320041
502,0.01610262027560939,188.73918221350976,0.12599912285804749,0.24158554673194882,0.34695577025413504,0.5636842489242554,0.6688321799039838,0.912899935245514,1.1342110633850098,1.174380693435669,1.4826373648643503
503,0.01610262027560939,239.5026619987486,0.21090488135814667,0.39350041151046755,0.5806670308113098,0.8000993490219118,0.9101022154092782,1.2674357295036316,1.615580523014068,2.0852075386047364,2.794446997642523
504,0.01610262027560939,303.9195382313198,0.2179553136229515,0.29075021147727964,0.45153155028820036,0.5834616661071778,0.6725668609142302,0.9222014486789705,1.6816670477390279,2.5951553440093997,2.961179468631746
505,0.01610262027560939,385.6620421163472,0.06923685222864151,0.11969565004110336,0.16690794378519055,0.3149089813232423,0.3929916277527809,0.45906420648098006,0.7738197237253173,1.5786139225959785,2.546962575912482
506,0.01610262027560939,489.3900918477494,0.14761251211166382,0.21485790908336638,0.2821741998195648,0.8209462046623233,1.0812020123004908,1.352520978450776,1.7257579445838926,2.0296679401397704,2.0983355450630197
507,0.01610262027560939,621.0169418915616,0.12338618189096451,0.17707670032978057,0.3240502566099166,0.6094162106513977,1.0003185838460922,1.0423000216484075,1.336715787649154,1.7453394198417664,1.821768913269043
508,0.01610262027560939,788.0462815669912,0.1367160528898239,0.23055731952190398,0.36516889631748184,0.8933962941169741,1.0682049512863157,1.2524225831031803,1.5230448126792904,1.8348019480705267,2.3384296250343355
509,0.01610262027560939,1000.0,0.06497810781002045,0.11845835000276565,0.164452975988388,0.43935042023658755,0.6412644714117048,0.909936410188675,1.156774747371673,1.4889995777606975,3.50926182508469
510,0.02212216291070448,1.0,-0.020146917551755905,0.003079354949295494,0.4654497414827343,0.8593393206596376,1.2023911118507378,1.4464020013809211,2.4151052832603446,2.7371194386482243,3.2963598012924207
511,0.02212216291070448,1.2689610031679222,0.025273927487432957,0.34054443836212156,0.8522631347179412,1.2502069234848023,1.5717025518417358,1.7723613619804384,2.8411664247512816,3.123939919471741,3.3445390486717255
512,0.02212216291070448,1.6102620275609394,0.15821051597595215,0.31345531940460203,0.7983288228511809,1.481309080123902,2.123851573467254,2.372168922424318,3.752030968666074,5.279699301719666,9.281305646896397
513,0.02212216291070448,2.043359717856942,0.36618517339229584,0.5843044281005859,0.8817728519439696,1.6520136833190926,2.078612816333771,2.467769742012025,3.1605114817619313,4.157477736473084,9.507994060516365
514,0.02212216291070448,2.592943797404667,0.17797139286994934,0.4189900577068328,0.8165879786014555,1.4032052278518679,1.5636510312557215,1.7986091613769533,2.6451336979866014,3.1043492841720584,4.791061410903943
515,0.02212216291070448,3.2903445623126686,0.28733567893505096,0.47448720335960387,0.6509801268577575,1.3263726234436037,1.6442996561527248,2.3091947078704878,3.6513878464698775,4.883310132026673,5.186115846633944
516,0.02212216291070448,4.1753189365604015,0.5628703832626343,0.7724581122398374,1.108029341697693,1.5700260400772101,2.066378140449523,3.360221886634827,4.453514480590821,4.612735009193422,8.017735242843631
517,0.02212216291070448,5.298316906283708,1.078714907169342,1.6336480140686036,2.081551921367644,2.9500958919525155,4.208040642738342,5.765636253356934,6.5388432979583735,7.008938021659853,9.519770174026492
518,0.02212216291070448,6.7233575364993365,0.32475630939006805,0.4687332630157471,0.7550920844078063,1.288569784164429,1.4481617331504821,2.4855228185653693,6.384328842163083,7.389755659103394,8.837562608718876
519,0.02212216291070448,8.531678524172808,1.4122022986412048,1.7369874954223632,2.1718022108078,2.5031088829040526,3.0451016426086377,4.282803392410281,7.006616735458374,7.189240784645083,11.475595397949219
520,0.02212216291070448,10.826367338740546,1.1008660197257996,1.6234340906143188,2.0215312242507935,2.803043174743652,3.3289976716041565,3.871565699577334,5.270469689369201,5.714606103897095,6.42337996959687
521,0.02212216291070448,13.73823795883263,1.6005821228027344,2.072636032104492,2.8629697322845455,3.473860883712769,4.203925323486327,5.163926935195924,6.873518419265746,7.316693181991581,10.91764350891114
522,0.02212216291070448,17.43328822199988,1.2995861768722534,1.758631420135498,2.5755958318710324,3.41198058128357,4.248148918151855,4.872920656204224,8.40567364692688,8.665218534469606,13.327912149429343
523,0.02212216291070448,22.122162910704493,0.6084581911563873,0.8102933406829833,1.2445814847946166,2.1561434745788577,2.304455280303954,2.9772595882415778,3.6587685942649837,3.887827277183533,4.7415222311019924
524,0.02212216291070448,28.072162039411772,0.4700644165277481,0.6654489278793335,0.8234354555606842,0.9502236008644105,1.0551035583019257,1.1781178236007694,1.8673055827617642,2.0377190947532657,4.037666821479804
525,0.02212216291070448,35.62247890262442,0.5453483760356903,0.6729690074920655,0.9477480888366698,1.2509698152542115,1.4479885697364807,1.7024335861206075,2.166038215160369,2.416204288005829,2.8675555753708015
526,0.02212216291070448,45.20353656360243,0.704408198595047,0.8976922392845154,1.069593369960785,1.2382907629013062,1.279880118370056,1.4278972148895264,1.6017692327499389,2.1382428097724917,2.441851034164429
527,0.02212216291070448,57.36152510448679,1.8415307998657227,1.9924870252609252,2.0452967643737794,2.151786518096924,2.187024784088135,2.2564700841903687,2.3637503743171684,2.682205798625946,3.376482272148134
528,0.02212216291070448,72.7895384398315,1.5269135236740112,1.8637442588806152,2.190008449554443,2.6855289459228517,2.8119416713714593,3.2766879081726077,3.8906090974807737,5.172914938926697,5.816959614753724
529,0.02212216291070448,92.36708571873861,0.5914865136146545,0.7242790699005127,0.8388437926769255,0.9999904155731201,1.1048343360424042,1.2036274433135996,1.5735201239585874,1.9860058939456942,2.1501923513412486
530,0.02212216291070448,117.21022975334806,0.5536187589168549,0.6415537118911743,0.8309935212135314,0.9705100178718568,1.0880082726478575,1.1657667756080627,1.542094987630844,1.5630051314830782,1.8292556059360519
531,0.02212216291070448,148.73521072935117,0.7759650647640228,0.9075579166412353,1.0527050971984864,1.1798596620559694,1.2618891417980187,1.5298407554626474,1.9808108329772929,2.6571896481513977,2.7832176089286826
532,0.02212216291070448,188.73918221350976,0.8702890276908875,0.9815263509750366,1.3154736280441284,1.802364706993103,1.9894854068756103,2.078007030487061,2.2304733276367186,2.6447070884704598,3.836031074523927
533,0.02212216291070448,239.5026619987486,0.9463266134262085,1.0265583992004395,1.1191665291786195,1.2458813667297364,1.340266716480255,1.5021616697311402,1.800846481323242,1.8862784206867218,2.7295242476463373
534,0.02212216291070448,303.9195382313198,0.6096437573432922,0.7523362755775451,0.8733805358409882,0.9677655220031739,1.1586918652057645,1.7349534034729028,2.3335085630416863,2.613631851673127,3.3178595399856565
535,0.02212216291070448,385.6620421163472,0.22486808896064758,0.27126515507698057,0.3331070750951767,0.4830685496330262,0.6112769603729248,0.6757783353328706,0.8854463517665859,1.0499492406845095,1.7997418642044127
536,0.02212216291070448,489.3900918477494,0.05924585275352001,0.10597647279500959,0.2306359604001045,0.3449994325637818,0.44045330435037566,0.6135702550411228,0.7536683320999144,1.1863974404335025,2.460169968605043
537,0.02212216291070448,621.0169418915616,0.062106046825647354,0.09265362620353698,0.16582340151071545,0.2578447699546814,0.38323620706796613,0.5633484959602356,0.953669086098671,1.390933330059052,2.021195759773258
538,0.02212216291070448,788.0462815669912,-0.007580476347357035,0.043284326046705235,0.08035736829042434,0.1314121186733246,0.1592189513146877,0.24845600426197062,0.5337986320257176,0.9329955929517748,1.1404462456703197
539,0.02212216291070448,1000.0,-0.020146917551755905,0.009373897500336164,0.06448775678873062,0.1351354360580445,0.18154767975211142,0.23513919860124605,0.4706416770815843,0.7168046879768373,1.4866105413436894
540,0.03039195382313198,1.0,0.03938562050461769,0.20565620064735407,0.8497465133666992,1.3841228961944583,1.7102352619171137,2.748103260993958,3.420892906188964,5.433028130531311,6.360872974395768
541,0.03039195382313198,1.2689610031679222,0.05435563623905182,0.35293471813201904,0.7285651206970215,1.3614023685455328,1.9517370641231537,2.1708365201950075,3.038709080219268,3.589943759441385,13.209791507720968
542,0.03039195382313198,1.6102620275609394,0.2977554500102997,0.48302766084671017,0.9320059895515441,1.6955581188201905,2.1628870487213137,2.7467997550964367,3.627367401123046,4.092920947074891,16.593525409698486
543,0.03039195382313198,2.043359717856942,0.17750286310911179,0.37977499961853023,0.6781682670116425,0.9978231430053712,1.6870464801788303,2.2190186262130736,3.1787872672080995,3.431970505714417,4.477677211761501
544,0.03039195382313198,2.592943797404667,0.18580933660268784,0.32664451003074646,0.4712008118629455,0.9676603317260742,1.7288973331451392,2.8055852651596074,3.9410010218620295,4.481328601837159,5.366585636138919
545,0.03039195382313198,3.2903445623126686,0.30066242814064026,0.6225178956985472,1.0585007071495054,1.8591827154159546,2.280283629894255,3.1789101123809824,3.6616593480110167,4.362386541366577,5.670553760528571
546,0.03039195382313198,4.1753189365604015,0.5750392973423004,1.0793838262557982,1.6796844363212584,2.085816764831543,3.365705215930935,4.9304009914398215,5.86888115406036,7.211406040191651,10.013543624877936
547,0.03039195382313198,5.298316906283708,0.44405563175678253,0.773189115524292,1.1768966555595397,1.6407289743423468,2.5729691743850682,3.1374283552169806,4.118415808677669,5.796178297996521,5.9267129230499425
548,0.03039195382313198,6.7233575364993365,0.3492574244737625,0.789346170425415,1.1197565793991089,1.5914479494094849,1.8324039220809933,2.2951173305511485,3.2082407236099226,3.8530040669441226,6.388115625381491
549,0.03039195382313198,8.531678524172808,1.2097339630126953,1.4892282724380492,2.0538192272186273,2.658677673339844,3.1211640596389767,3.5798498392105125,5.208350777626038,5.3075263023376476,6.877545452117942
550,0.03039195382313198,10.826367338740546,1.4458602666854858,1.826599907875061,2.562198209762573,3.434151363372803,3.8367108821868876,4.94375295639039,7.121515130996701,8.124200792312623,10.977067651748659
551,0.03039195382313198,13.73823795883263,1.386055827140808,1.7430279493331908,2.133923077583313,2.5371565341949465,3.2942078232765195,3.7545961141586317,7.103590059280393,11.657000331878663,14.427823991775522
552,0.03039195382313198,17.43328822199988,0.8412875235080719,1.3507588624954223,1.7110353231430053,2.754296207427979,3.3696245670318596,3.9249414682388317,4.886895823478698,5.3014757394790655,7.476849427223209
553,0.03039195382313198,22.122162910704493,0.42844654619693756,0.523048722743988,0.6826775968074799,0.8287135243415833,1.120934897661209,1.2774803996086126,1.5529575645923615,1.6330059945583366,4.411264920234682
554,0.03039195382313198,28.072162039411772,0.48856376111507416,0.6035451054573059,0.7724388241767883,0.8413408756256104,0.9164485216140746,1.0132113456726075,1.0424468874931334,1.0831226980686188,1.2743534922599797
555,0.03039195382313198,35.62247890262442,0.4577823728322983,0.5701928734779358,0.7514852106571196,1.0050533771514893,1.2376596570014948,1.9715090513229374,3.2186469316482533,3.796406724452973,4.434007458686829
556,0.03039195382313198,45.20353656360243,0.42692236602306366,0.6668218255043029,1.037369108200073,1.2660061836242675,1.3163936734199524,1.4886791586875918,1.820410794019699,1.895396124124527,2.1409084391593933
557,0.03039195382313198,57.36152510448679,0.9670936465263367,1.2801493406295776,1.434222912788391,1.6582126379013062,1.7887559890747071,1.8945818662643434,1.9780462622642516,2.0065655422210695,2.382273490428925
558,0.03039195382313198,72.7895384398315,1.3946318626403809,1.4549681186676025,1.5732918739318846,1.6388638019561768,1.8582317709922789,2.200283598899842,2.9930945992469784,3.133544943332672,3.6354051256179822
559,0.03039195382313198,92.36708571873861,0.4292321503162384,0.5713732719421387,0.6531137943267822,0.8286970973014833,1.015356564521789,1.2556955099105847,1.5417589366436,2.263966248035431,2.5605438756942775
560,0.03039195382313198,117.21022975334806,0.2852103114128113,0.4170781373977661,0.5719844281673432,0.723242974281311,0.8955782532691954,1.0123819589614869,1.33701536655426,1.5492364072799687,2.0700718259811404
561,0.03039195382313198,148.73521072935117,1.0113629698753357,1.095526123046875,1.4487272500991821,1.944093155860901,2.1551323294639584,2.3639204740524296,2.6391472101211537,3.2095613527297973,4.463273272514344
562,0.03039195382313198,188.73918221350976,1.2059494853019714,1.5274969339370728,1.7137346267700195,1.8700243949890136,1.957242429256439,2.3513619899749756,2.7233500719070434,2.879481670856476,2.9934044885635416
563,0.03039195382313198,239.5026619987486,1.7595545649528503,1.8925984382629395,2.2084425210952756,2.545769262313843,2.836606478691101,3.208605027198794,4.0284526348114005,4.267124400138855,5.61012305736542
564,0.03039195382313198,303.9195382313198,1.404040515422821,1.5979142904281616,1.820745575428009,2.1310089111328128,2.3578648567199703,2.5386621236801155,2.9571741580963136,3.03328497171402,4.115750679969796
565,0.03039195382313198,385.6620421163472,1.0288257598876953,1.1046154022216796,1.1828827142715455,1.4761595249176025,1.5661885380744929,2.1167058706283575,2.3472134947776793,2.617466988563538,3.1346949005127014
566,0.03039195382313198,489.3900918477494,0.6837608218193054,0.7651952981948852,0.8374460279941559,0.9678984403610231,1.065103369951248,1.2051061987876897,1.8679805457592005,2.100450358390809,3.4800810670852695
567,0.03039195382313198,621.0169418915616,0.46816252171993256,0.5700186133384705,0.6553501427173615,0.8341166734695434,1.0055406749248503,1.1851533651351929,1.5697732865810385,2.093539769649506,3.087050814628602
568,0.03039195382313198,788.0462815669912,0.13572796434164047,0.22603401243686674,0.28007863163948055,0.36388362646102906,0.39490463286638255,0.469355276226998,0.7604751467704771,0.8597513300180435,1.014940203428269
569,0.03039195382313198,1000.0,-0.020146917551755905,-0.0040346242487430736,0.04632148668169972,0.1008250892162323,0.132381251454353,0.2794601172208788,0.508204388618469,0.7747987848520279,0.8666161984205254
570,0.041753189365604,1.0,0.037823356688022614,0.23051800727844232,0.7350378334522246,1.2838182449340823,1.5302478969097117,1.9064778327941914,3.140018010139465,3.4550439763069156,4.989508943557791
571,0.041753189365604,1.2689610031679222,0.08875715732574463,0.29151864647865294,0.5708354473114013,0.9531678318977357,1.5012754678726195,2.0129051923751837,2.8012083292007444,4.038311676979066,5.26643101215366
572,0.041753189365604,1.6102620275609394,0.10770377516746521,0.2109157860279083,0.4243532210588455,0.7643792152404788,1.63395037651062,1.7799402117729193,3.093564188480376,3.734399948120118,5.869851570129399
573,0.041753189365604,2.043359717856942,0.19689159095287323,0.45248656272888177,0.7088177323341369,1.7356530666351322,2.2296267151832576,2.509201192855837,3.832939958572388,4.2470748710632344,6.336860594749474
574,0.041753189365604,2.592943797404667,0.2697792202234268,0.42665120959281916,0.8438405692577361,1.920002269744873,1.9676672697067261,2.363050723075869,3.5402750968933105,3.691217978000644,6.267397594451922
575,0.041753189365604,3.2903445623126686,0.26593437790870667,0.46641780734062194,0.7372394800186156,1.6232180595397956,2.9788346648216235,3.755341434478765,5.269706463813781,6.144733233451843,6.571623849868786
576,0.041753189365604,4.1753189365604015,0.35618701577186584,0.7523085236549377,1.4106862902641295,1.8970058917999273,2.689227032661437,3.3316193342208864,3.735882580280304,4.149605474472047,7.167103800773641
577,0.041753189365604,5.298316906283708,0.2227335348725319,0.4294261038303375,1.1357621312141417,1.9786973476409915,2.3091008901596064,3.4363919734954904,5.9231507062911986,6.383445386886598,8.056527090072636
578,0.041753189365604,6.7233575364993365,0.4281437546014786,1.107948040962219,1.5601602315902707,2.615068721771241,2.985992503166198,3.5455684661865257,4.65109634399414,5.339042811393738,6.351609377861027
579,0.041753189365604,8.531678524172808,1.4318174123764038,1.997641611099243,2.2826317548751827,3.2698883056640624,3.918216490745544,4.736067533493045,5.316937708854676,6.359681239128114,7.247766704559337
580,0.041753189365604,10.826367338740546,1.0774070620536804,1.3590102434158324,1.5710407495498657,2.3269036769866944,2.7032463073730466,2.9993579149246217,3.7491548180580123,4.709973301887513,5.429001193046572
581,0.041753189365604,13.73823795883263,1.4804801940917969,2.137881565093994,2.549629807472229,2.9911077976226808,3.2684012293815576,4.158637142181396,5.559467077255249,6.546362075805666,8.457124691009533
582,0.041753189365604,17.43328822199988,0.6192183792591095,0.7576824069023133,0.8550879120826721,1.1351764678955079,1.3535968840122221,1.6457000494003362,2.605304670333862,3.0915181088447574,3.7885609316825883
583,0.041753189365604,22.122162910704493,0.5096943080425262,0.6683465123176575,0.7404139339923859,0.8411249279975891,0.8654636979103086,0.9032837271690368,1.077060854434967,1.1147634780406952,1.4344937419891377
584,0.041753189365604,28.072162039411772,0.6223828792572021,0.6917289733886719,0.7197015404701232,0.869574499130249,1.0126317024230955,1.1542432308197035,1.5853140652179716,2.2278735637664795,2.424733459949497
585,0.041753189365604,35.62247890262442,1.844985842704773,2.2796213150024416,2.474715971946716,2.9818240642547607,3.2023154258728024,3.437688732147217,4.2090576171875,4.705145635604858,4.852580976486208
586,0.041753189365604,45.20353656360243,1.8970099687576294,2.252581024169922,2.96029212474823,3.573866415023804,4.035148000717162,4.614714336395264,5.140716457366942,5.693789935112,5.951143498420721
587,0.041753189365604,57.36152510448679,0.5542281270027161,0.7565366983413696,1.0227858543395996,1.3534969568252564,1.5224971711635584,1.898408138751984,2.11786687374115,2.3832430005073553,2.89806153535843
588,0.041753189365604,72.7895384398315,0.9974096715450287,1.1233905792236327,1.2529220819473266,1.3511541843414308,1.3974208533763883,1.4529540777206422,1.514481371641159,1.5687762379646302,1.6487683367729191
589,0.041753189365604,92.36708571873861,0.04099210165441036,0.1200257286429405,0.18292732536792755,0.25220933556556707,0.2884095385670662,0.4089734345674515,0.4340601772069931,0.46928144961595536,0.4771288591623317
590,0.041753189365604,117.21022975334806,0.07693042978644371,0.1823504686355591,0.2277603447437286,0.33168152570724485,0.3904674768447875,0.5058333694934849,0.6347615003585815,0.6745307040214539,0.7822520232200629
591,0.041753189365604,148.73521072935117,0.4547557979822159,0.7264172911643982,0.9056659579277039,1.0272478103637694,1.1472126901149746,1.3882732033729555,1.8901026666164398,1.9567613899707794,2.4206843233108537
592,0.041753189365604,188.73918221350976,0.6962500810623169,0.8800278782844544,1.0221295118331908,1.2055209159851075,1.2411687254905701,1.5572529077529909,1.8150372862815856,2.0367526388168335,2.341606030464175
593,0.041753189365604,239.5026619987486,1.2229394316673279,1.5106596946716309,1.869740271568298,2.1602134227752687,2.285519254207611,2.4364118099212653,2.5661318540573115,2.889112250804901,4.1620974302292
594,0.041753189365604,303.9195382313198,1.1508421301841736,1.411826205253601,1.6872023701667787,1.899318289756775,2.0877856969833375,2.2239308834075935,2.5544120788574216,2.5980154538154605,2.9914714384079097
595,0.041753189365604,385.6620421163472,1.0962003469467163,1.1726948261260985,1.320340025424957,1.5214089393615722,1.6374050796031951,1.7623477935791023,2.0021869897842404,2.1081979179382326,2.579313471317295
596,0.041753189365604,489.3900918477494,0.5712470710277557,0.7336819529533386,0.8951967239379882,1.0443026065826415,1.0906517744064326,1.2444618463516237,1.5567519605159752,2.255324580669403,2.885532665252686
597,0.041753189365604,621.0169418915616,0.6403340995311737,0.7528477072715759,0.8484654486179352,1.1492542982101441,1.501794451475143,1.9334751248359696,2.462266397476196,2.5761443233489993,3.967786931991579
598,0.041753189365604,788.0462815669912,0.15806366503238678,0.2152129679918289,0.34323674738407134,0.45509868860244757,0.4951717734336853,0.5521868228912356,0.797969651222229,0.8678286778926849,1.3739317154884358
599,0.041753189365604,1000.0,0.07407210767269135,0.11512022614479063,0.23750804811716075,0.34992523193359376,0.40183678120374666,0.6484201788902287,0.8890935093164437,1.1573126256465915,1.5072277593612684
600,0.05736152510448681,1.0,0.15503716468811035,0.3279350757598876,0.7101458489894866,1.168558979034424,1.6977408230304711,1.9567430377006532,2.99030669927597,3.4890380740165714,3.9019760656357088
601,0.05736152510448681,1.2689610031679222,0.16425611078739166,0.38602480888366697,0.7007465541362763,1.2996804475784303,1.7916625022888182,2.473536276817323,3.950542998313902,4.574268264770509,8.764396753311164
602,0.05736152510448681,1.6102620275609394,0.2600601613521576,0.5183022022247313,0.8313323259353638,1.3740453243255617,1.8304041028022757,2.983805894851685,3.7704908132553094,4.486936030387879,6.366344170570378
603,0.05736152510448681,2.043359717856942,0.3149334788322449,0.5430985331535338,1.1926287055015563,1.7781576395034795,2.641972005367277,3.317620563507085,4.7374811410903925,5.217508645057679,9.219665861129814
604,0.05736152510448681,2.592943797404667,0.2548551559448242,0.3154832065105438,0.9035302400588987,1.3004495382308965,2.0558964014053345,2.335157465934754,2.9572533011436457,4.453029847145081,5.186238679885869
605,0.05736152510448681,3.2903445623126686,0.4194549322128296,0.7019096732139587,1.5767127752304078,2.068291664123535,2.4919609427452065,2.9422619104385412,5.348171734809874,5.891814222335816,6.403154697418214
606,0.05736152510448681,4.1753189365604015,0.30803513526916504,0.7164779186248779,1.239108395576477,2.075795698165894,2.6091119885444627,3.577238059043885,4.377514791488646,5.274021463394169,11.088990440368656
607,0.05736152510448681,5.298316906283708,0.4350213557481766,0.7410492300987244,1.2590484738349912,1.790387773513794,2.7177788853645324,3.377459001541138,5.272559785842894,6.576827483177185,7.452057595252992
608,0.05736152510448681,6.7233575364993365,1.2292659878730774,1.5092811822891234,2.0146749019622803,2.8121826171875006,3.423588716983794,4.014017105102539,4.345486950874327,4.858616614341736,4.953384552001956
609,0.05736152510448681,8.531678524172808,0.7442201673984528,0.976020336151123,1.2806332111358643,2.1385564327240005,2.6619859337806684,3.7024941205978408,4.726924681663513,5.536958241462709,10.493401279449463
610,0.05736152510448681,10.826367338740546,1.0159668326377869,1.5153764247894286,1.9982305526733397,2.5655664920806887,2.7995711326599104,3.259384417533875,3.4453723073005666,4.0311148595809945,5.840201911926283
611,0.05736152510448681,13.73823795883263,0.8796049654483795,1.023138952255249,1.4370899319648738,2.0879000663757328,2.3824682474136347,2.8237416267395026,3.2077385306358313,4.3097765207290655,5.291568994522097
612,0.05736152510448681,17.43328822199988,0.6409211158752441,0.7195793509483337,0.8358252227306365,0.9190383315086365,0.9475638836622235,1.0021183848381043,1.232210087776184,1.306812390089035,1.6391207313537617
613,0.05736152510448681,22.122162910704493,0.5165229141712189,0.5851417422294617,0.7175448596477508,0.8235905289649964,0.9470794588327406,1.0289170145988464,1.1555181741714478,1.17989416718483,1.5485346233844757
614,0.05736152510448681,28.072162039411772,1.036363124847412,1.3664111614227294,1.715115702152252,1.9855898857116703,2.247226989269256,2.4690036773681645,2.940667748451233,3.2181950926780702,3.630474302768712
615,0.05736152510448681,35.62247890262442,1.485442578792572,1.7771086692810059,1.9839240670204161,2.261720085144043,2.3654377341270445,2.5057033538818363,2.995322978496551,3.190174536705017,3.3409048056602537
616,0.05736152510448681,45.20353656360243,2.2116235494613647,2.408364677429199,2.574136519432068,2.8438892364501953,2.9200999975204467,3.065054297447205,3.361472189426422,3.4912032079696655,4.1158194875717165
617,0.05736152510448681,57.36152510448679,-0.3635207712650299,-0.2517352521419525,-0.09672418907284738,0.10809834152460102,0.1882675938308238,0.3128614932298664,1.1024789512157436,1.62011390209198,1.9097580218315142
618,0.05736152510448681,72.7895384398315,0.7484157085418701,0.92944837808609,1.0701419234275817,1.2600921392440796,1.3538643062114715,1.384487295150757,1.4707449316978454,1.4865240550041199,1.5426234340667726
619,0.05736152510448681,92.36708571873861,-0.7254752218723297,-0.590104627609253,-0.3437665551900864,-0.10045288354158395,0.0450114211067557,0.16565577387809793,0.3328463047742843,0.4173777547478676,0.5685892713069919
620,0.05736152510448681,117.21022975334806,-0.19596581161022186,-0.037175009772181605,0.06467857882380483,0.1575020879507065,0.21095598638057708,0.2665664613246918,0.4155359864234923,0.48727921873331076,0.5480701297521594
621,0.05736152510448681,148.73521072935117,0.2973925471305847,0.36723853945732116,0.43767878115177156,0.5678713440895082,0.6986202776432032,0.8081634402275092,1.0165487229824066,1.079583809375763,1.1608438456058539
622,0.05736152510448681,188.73918221350976,0.25063565373420715,0.28685275912284847,0.36108908355236047,0.5654837965965274,0.6514143705368041,0.7213111102581025,0.9343390464782713,1.0717198288440706,1.3110319554805765
623,0.05736152510448681,239.5026619987486,0.6641547679901123,0.7252110719680787,0.8324887752532959,0.935718834400177,0.9487158864736557,1.1058479309082032,1.2312035501003262,1.375795191526414,2.6986382293701188
624,0.05736152510448681,303.9195382313198,0.5007567703723907,0.5889261484146118,0.6730975389480591,0.7640795707702637,0.9432855814695356,1.0145451664924625,1.3091787040233611,1.6424623203277589,2.117150902748108
625,0.05736152510448681,385.6620421163472,0.5201487094163895,0.6386465311050414,0.7103470265865326,0.8345097303390503,0.8680330127477646,0.9015356421470643,1.0181531250476836,1.0825492238998415,1.8885686218738598
626,0.05736152510448681,489.3900918477494,0.1950293779373169,0.25244189500808717,0.31595492660999297,0.4103598117828369,0.45088916420936537,0.5859669685363771,0.6242284655570982,0.7641440474987032,1.040986148118974
627,0.05736152510448681,621.0169418915616,0.22135090827941895,0.30204046964645387,0.38934254646301264,0.46919614672660825,0.5074925214052198,0.6759387195110321,0.7213658601045608,0.733694349527359,1.2989976871013642
628,0.05736152510448681,788.0462815669912,-0.24285439401865005,-0.04365077540278438,0.05348391868174076,0.12009183168411257,0.15446936488151533,0.18918797969818119,0.3133359923958775,0.4653201735019689,0.9619402229785929
629,0.05736152510448681,1000.0,-0.2135171964764595,-0.025377274304628383,-0.020146917551755905,-0.01505754441022872,0.02269704695791001,0.03785876408219339,0.07893028408288956,0.11240664012730127,0.2061030919849873
630,0.07880462815669913,1.0,0.11720434203743935,0.3595044851303099,0.8387604176998138,1.1077921867370617,1.5642000913619987,1.9710886955261273,3.0780733227729793,3.689085946083069,4.206442804336553
631,0.07880462815669913,1.2689610031679222,0.08938107267022133,0.30969568490982047,0.5766730964183806,1.3007424592971804,1.4302449941635118,1.9228965878486648,3.2656658887863137,4.140661420822144,4.539017066955569
632,0.07880462815669913,1.6102620275609394,0.30983126163482666,0.4986415565013885,0.7690137088298795,2.0452252864837646,2.2089760899543753,2.992118334770203,3.287674820423126,3.5511292767524725,5.561882386207598
633,0.07880462815669913,2.043359717856942,0.4210381805896759,0.9536405801773071,1.1361240625381468,1.9366924285888671,2.4538352966308574,3.439240646362308,5.52842161655426,5.707778930664063,7.118828496933011
634,0.07880462815669913,2.592943797404667,0.36864520609378815,0.7615175604820251,1.3685874342918396,1.677339291572571,2.041069996356964,3.123571133613587,4.434248161315918,4.775415682792664,5.760982756614711
635,0.07880462815669913,3.2903445623126686,0.20917470008134842,0.37905389070510864,1.4156477212905882,1.958160948753357,2.607855212688445,3.2806256055831935,4.390894103050231,4.782653460502625,7.53312424659731
636,0.07880462815669913,4.1753189365604015,0.6423036754131317,0.9296792745590209,1.7704616785049436,2.195959806442261,3.180046343803405,3.5703041553497363,4.813582420349121,5.351185827255249,7.374938449859628
637,0.07880462815669913,5.298316906283708,1.4347509145736694,1.9454524993896483,2.1995555877685544,2.500792694091797,2.8854023218154903,3.391515111923218,3.7260589122772165,5.571574516296387,6.518824930191041
638,0.07880462815669913,6.7233575364993365,1.139722466468811,1.516301345825195,2.030014181137085,2.8213674545288088,3.302607369422912,3.869083499908448,5.276063179969786,7.082007803916931,7.4923658084869595
639,0.07880462815669913,8.531678524172808,1.2997443079948425,1.5051535367965698,1.9136382460594177,2.3835827827453615,2.635900998115539,3.6382126092910774,4.6297021865844705,6.445546045303345,8.922588634490968
640,0.07880462815669913,10.826367338740546,0.8021933138370514,0.9445953488349914,1.3050075531005856,2.2202965736389166,2.9795045495033246,3.4891309022903463,3.9854389190673825,4.492717013359071,6.903395333290107
641,0.07880462815669913,13.73823795883263,0.5817678570747375,0.719632077217102,0.8359185218811035,1.1016227722167968,1.214186429977417,1.3027541637420677,2.0866336703300474,2.1942364311218263,2.7353683638572694
642,0.07880462815669913,17.43328822199988,0.3721185773611069,0.5114303469657898,0.6716225385665893,0.7705303072929383,0.802703908085823,0.8696800231933596,0.9916075319051741,1.0634953022003175,1.295377151966095
643,0.07880462815669913,22.122162910704493,0.4955921322107315,0.6467423319816589,0.8204186618328094,0.9566320776939392,1.0798212647438048,1.3495023012161265,1.900320726633072,1.9980009186267855,2.796511416435244
644,0.07880462815669913,28.072162039411772,1.0929429531097412,1.226573610305786,1.523285484313965,2.2466230869293216,2.566274535655975,2.731458353996277,3.696776068210601,3.977007830142975,4.314519634246832
645,0.07880462815669913,35.62247890262442,-1.0130317211151123,-0.6751733303070069,-0.4510959684848786,0.0875145822763443,0.3350282326340673,0.9989647567272191,1.3171002626419064,1.8271874642372132,2.585253696441654
646,0.07880462815669913,45.20353656360243,-0.9647330045700073,-0.4086860239505769,0.5750939428806303,0.9847499370574951,1.1444837570190425,1.3223682999610902,1.4276609420776367,1.4439556396007538,1.500290770530701
647,0.07880462815669913,57.36152510448679,0.48665592074394226,0.6808642983436585,0.9074327051639557,1.1829852104187013,1.3245362401008605,1.4488027811050421,1.59554603099823,1.6883089137077332,1.753982785940171
648,0.07880462815669913,72.7895384398315,0.7796688675880432,1.1270570278167724,1.2602239012718202,1.4094237089157104,1.4689505755901335,1.553719699382782,1.5985115110874175,1.6475063180923462,1.7236619400978093
649,0.07880462815669913,92.36708571873861,-0.8855600357055664,-0.786066734790802,-0.7328858733177185,-0.6348463535308837,-0.5895288616418839,-0.526268023252487,-0.446903170645237,-0.32669393569231026,-0.20672504842281308
650,0.07880462815669913,117.21022975334806,-1.0778228640556335,-0.9236508607864381,-0.6002335786819458,-0.35879848599433894,-0.27011103183031093,-0.09102833569049826,0.1655276887118815,0.29169954478740695,0.35767095535993637
651,0.07880462815669913,148.73521072935117,0.2789837568998337,0.32078090906143186,0.34803039133548735,0.4131519854068756,0.4782740011811256,0.5207753717899324,0.5807327419519424,0.6240886974334718,0.8415061056613927
652,0.07880462815669913,188.73918221350976,0.24819494783878326,0.2899396300315857,0.37979803979396815,0.48649874925613407,0.5495542883872986,0.5704261183738711,0.6691515356302259,0.7892239373922348,0.7981487905979158
653,0.07880462815669913,239.5026619987486,0.6869714558124542,0.7673539280891418,0.8215230226516723,0.922831904888153,0.9691393792629241,0.999827039241791,1.1938821375370023,1.4592205607891091,2.985878953933716
654,0.07880462815669913,303.9195382313198,0.5798449516296387,0.6663748383522033,0.7291290819644928,0.8161764264106751,0.8446211993694305,0.8881333947181702,1.0231405198574066,1.0324813401699067,1.8563767182827018
655,0.07880462815669913,385.6620421163472,0.5220513343811035,0.5624722480773926,0.6423314869403839,0.7838821530342102,0.8101182520389556,0.856450527906418,0.942706525325775,2.15330272436142,2.4225554561614993
656,0.07880462815669913,489.3900918477494,-0.12129119038581848,0.3036381542682647,0.563131308555603,0.6789671540260315,0.7354295015335081,0.8291270673274997,1.0467061698436733,1.399822373390198,1.716041173934937
657,0.07880462815669913,621.0169418915616,0.503435879945755,0.596011471748352,0.918938672542572,1.2818621158599854,1.3385394811630247,1.485614585876465,1.947673678398132,2.1847471261024474,2.2813068079948455
658,0.07880462815669913,788.0462815669912,-0.3044135272502899,-0.10221973210573213,0.11672493219375608,0.31256583929061893,0.5575172960758203,0.6971297919750217,0.8781487464904782,1.053242588043213,1.3116581118106851
659,0.07880462815669913,1000.0,-0.3635748028755188,-0.12505258619785312,0.0013242768589407125,0.04115004464983943,0.10333606824278802,0.3383022814989093,0.9311022758483887,0.9586037641763688,1.0893155980110205
660,0.1082636733874054,1.0,0.16189465671777725,0.3920098006725311,0.7128661215305326,1.538720750808716,2.014152842760085,2.6274510383605976,4.302933144569396,5.074569535255432,5.644451127052323
661,0.1082636733874054,1.2689610031679222,0.08899054303765297,0.2848770797252655,0.5428550660610196,1.0741995334625245,1.5690345346927623,2.190231347084047,2.6380391359329223,2.770852963924409,3.8336035871506056
662,0.1082636733874054,1.6102620275609394,0.27943605184555054,0.573668646812439,0.9815650522708893,1.77264428138733,2.3683204293251037,2.8915404081344604,3.11466463804245,3.2916920137405397,4.748285388946543
663,0.1082636733874054,2.043359717856942,0.29764097929000854,0.415738046169281,0.7772819280624389,1.0549069881439208,1.6247108519077298,2.277436995506287,3.1335168123245216,5.030081863403324,11.300571212768556
664,0.1082636733874054,2.592943797404667,0.2691420763731003,0.47485636472702025,0.7990470826625823,1.4853481531143191,2.0418165802955612,3.3648456811904928,4.133512377738953,4.243773355484009,4.9606929445266825
665,0.1082636733874054,3.2903445623126686,0.3758581578731537,0.9070894598960875,1.824479460716247,2.6342924118041995,3.029099512100219,3.757819581031799,5.235814023017882,5.5562395477294935,9.297975053787232
666,0.1082636733874054,4.1753189365604015,0.6930369734764099,0.8463205099105835,1.4024005770683283,2.026280403137207,2.283586633205413,3.40657494068146,5.7463271617889395,6.10232524394989,7.017564835548403
667,0.1082636733874054,5.298316906283708,0.7238621711730957,1.5276132345199585,2.2794378757476808,2.8352155208587653,3.6022444128990165,4.020594787597656,4.563369011878967,4.662760272026064,6.890385828018199
668,0.1082636733874054,6.7233575364993365,0.5352451205253601,0.9314327478408814,1.3081911444664,2.025167512893677,2.513862156867978,3.54993155002594,4.457300972938538,4.548593907356263,6.433005952835098
669,0.1082636733874054,8.531678524172808,1.0961180925369263,1.2861406803131104,1.7097548127174376,2.2134792804718018,2.3768383264541626,2.7960371732711824,4.562110400199888,5.4046155357360846,6.489902138710027
670,0.1082636733874054,10.826367338740546,0.7384732365608215,0.8133760809898376,0.900327706336975,1.062710213661194,1.1707985401153562,1.470423626899722,2.560581278800964,2.7175821113586425,2.7616337776184094
671,0.1082636733874054,13.73823795883263,0.5540949106216431,0.6527536392211915,0.7471610844135285,0.8867235183715823,1.157510232925415,1.3547501802444484,1.7714873790740961,2.0091246986389164,2.4052826428413394
672,0.1082636733874054,17.43328822199988,0.10082347318530083,0.21690132319927216,0.3470528662204742,0.498457658290863,0.5845116615295408,0.66698534488678,0.8377084910869597,0.9181711685657502,1.0326637351512926
673,0.1082636733874054,22.122162910704493,0.44455231726169586,0.4794456481933594,0.594916296005249,0.7376599311828613,0.9891938894987103,1.3802670001983648,1.6177509546279898,2.2464389228820805,2.469670834541322
674,0.1082636733874054,28.072162039411772,0.051383109763264656,0.08933309018611908,0.12491838783025738,0.191557314991951,0.2465701691806316,0.3272609978914261,0.9938423484563819,1.43415344953537,1.9416817867755944
675,0.1082636733874054,35.62247890262442,-1.81936115026474,-1.4589425802230835,-1.2034005284309388,-0.5635016918182373,-0.2066635228693492,0.052323248237371514,0.7075883567333221,0.863975949883461,1.1349414849281323
676,0.1082636733874054,45.20353656360243,0.30013425648212433,0.41372371912002565,0.5283560514450073,0.7451467394828797,0.8259568452835082,0.988295328617096,1.0906440019607542,1.222214561700821,1.347125005722046
677,0.1082636733874054,57.36152510448679,-2.4745121002197266,-2.0203970432281495,-0.8003053963184358,0.45900339484214786,0.662846440076828,0.7508369743824006,1.0459942758083343,1.1571693313121796,1.3942583823204042
678,0.1082636733874054,72.7895384398315,-2.53365695476532,-0.13581629991531377,1.014393055438995,1.3545207738876344,1.4080254614353176,1.4899940371513372,1.6596063256263733,1.68848069190979,1.8336921572685243
679,0.1082636733874054,92.36708571873861,-0.828436940908432,-0.7471191644668579,-0.676909339427948,-0.593896484375,-0.5579497873783114,-0.4706362396478652,-0.36196534931659696,-0.2588198497891425,-0.1380900202691553
680,0.1082636733874054,117.21022975334806,-0.6329962313175201,-0.5701363801956177,-0.45578210055828094,-0.35926747918128965,-0.2906586587429047,-0.253343690931797,-0.1967307776212695,-0.03452956920955327,-0.005002583297900667
681,0.1082636733874054,148.73521072935117,0.11352892592549324,0.13287263214588166,0.14862656146287917,0.17091099321842193,0.18348137810826298,0.20184761434793486,0.27382259666919706,0.2952298519015312,0.30883321940898917
682,0.1082636733874054,188.73918221350976,0.16330961138010025,0.1767605096101761,0.19154770374298097,0.2114934355020523,0.21821827292442322,0.22681752741336825,0.2682203352451324,0.3051579400897026,0.3757145890593532
683,0.1082636733874054,239.5026619987486,0.3290145695209503,0.35847810506820676,0.3968585729598999,0.4172330141067505,0.4415853902697563,0.4589820414781571,0.5494029253721237,0.5827516329288484,0.6226941394805908
684,0.1082636733874054,303.9195382313198,0.17741183936595917,0.1960437148809433,0.21574074923992154,0.26141843199729925,0.294243662059307,0.40548563897609724,0.46458161175251006,0.48822976112365724,0.5220516639947896
685,0.1082636733874054,385.6620421163472,0.0863228589296341,0.09894597828388214,0.11460377722978592,0.12475890964269638,0.13432948067784303,0.15761905908584598,0.23891144841909406,0.292674664258957,0.39421485751867336
686,0.1082636733874054,489.3900918477494,0.08500327542424202,0.09665801525115966,0.12288788557052609,0.149778950214386,0.1915303073823452,0.21352949589490894,0.3046624362468719,0.3312249633669853,0.35579516738653194
687,0.1082636733874054,621.0169418915616,0.10762489587068558,0.11500650197267533,0.1340723991394043,0.18812334239482884,0.24503069594502444,0.3341402709484105,0.42856731116771696,0.43915452003479005,0.6503168326616299
688,0.1082636733874054,788.0462815669912,-0.7278235852718353,-0.46937314271926883,-0.32948077917099,-0.22433671057224266,-0.031126173213124296,-0.01925410553812973,0.008529791515320516,0.018224265258759274,0.05333975270390534
689,0.1082636733874054,1000.0,-1.0163920521736145,-0.8667307019233704,-0.5805342853069306,-0.02760521322488783,-0.020146917551755905,-0.020146917551755905,-0.019694444909691838,0.03312711419537671,0.16939094692468715
690,0.14873521072935117,1.0,0.16797658801078796,0.4062932193279266,0.730785435438156,1.0941419601440436,1.4167743623256683,1.7358964443206788,2.1748184204101557,2.6389973306655885,3.0230860090255787
691,0.14873521072935117,1.2689610031679222,0.16916030645370483,0.3402391910552979,0.5055228501558303,1.2880872249603272,1.4672296822071074,2.114330554008488,4.136205267906189,4.216880846023559,4.4655153608322244
692,0.14873521072935117,1.6102620275609394,0.3404969274997711,0.6947932362556457,0.9466121613979338,1.7325648069381714,2.1840112686157216,2.854724979400636,3.846014904975889,4.570149908065797,5.008046679496775
693,0.14873521072935117,2.043359717856942,0.3764504939317703,0.5865742444992065,1.1439618229866024,1.6664771080017093,2.0514278531074512,2.770071887969971,3.234560263156888,4.464257330894471,5.492469081878665
694,0.14873521072935117,2.592943797404667,0.2385597601532936,0.5834888815879822,1.160006093978881,2.099278974533081,2.56617157459259,3.487293052673341,5.4983945131301875,6.2675393772125245,6.785599660873416
695,0.14873521072935117,3.2903445623126686,0.63170126080513,1.0771441221237184,1.3370441913604736,2.0467414379119875,2.4557833909988394,3.202443885803227,4.009576511383056,5.045984559059144,8.109701061248808
696,0.14873521072935117,4.1753189365604015,0.7336430251598358,1.120305848121643,1.4848137259483336,2.021310472488404,2.3486634492874137,3.1009110689163206,4.346647763252258,4.7942736530303955,4.911349015235908
697,0.14873521072935117,5.298316906283708,0.49714145064353943,0.5949164271354674,0.9253461956977843,1.6224772930145266,1.9215254962444301,2.4280316591262854,4.008522224426268,4.714679851531984,7.127715830802921
698,0.14873521072935117,6.7233575364993365,0.6657625138759613,0.8064007997512818,1.0818374395370483,1.3625193357467653,1.5367469310760495,2.205700111389162,2.7760198473930355,3.0840357589721683,3.939797191619879
699,0.14873521072935117,8.531678524172808,0.8944145143032074,1.0731332540512084,1.2891904950141906,1.945973539352417,2.169349002838134,2.7903961181640655,3.6630829215049743,4.643730158805848,5.544385881423951
700,0.14873521072935117,10.826367338740546,0.6371678411960602,0.7411681056022644,0.8836316108703612,1.0393791437149047,1.1260800778865814,1.2411370992660522,1.321156996488571,1.3901454210281372,2.010043745040895
701,0.14873521072935117,13.73823795883263,0.2029307782649994,0.35369848608970644,0.45727403759956353,0.7128873586654664,0.9883381187915797,1.3077038407325745,1.8085325121879576,2.0689459514617923,2.2520401644706736
702,0.14873521072935117,17.43328822199988,0.05455322936177254,0.16622024178504943,0.28760364353656764,0.42937381267547614,0.464440494775772,0.4960476726293566,0.7174136877059927,1.0680592608451844,1.1146714484691629
703,0.14873521072935117,22.122162910704493,-0.1841707080602646,-0.07736729085445407,0.13353900685906392,0.27842028737068175,0.3236288145184516,0.43263244032859816,0.49888183027505845,0.6901470237970356,1.2398023819923438
704,0.14873521072935117,28.072162039411772,0.15885776281356812,0.25024524331092834,0.3277172982692719,0.5279104113578796,0.5939371466636656,0.7415933549404146,1.1246923625469205,1.3064166975021363,1.5911556553840638
705,0.14873521072935117,35.62247890262442,-1.261613130569458,-0.9822444915771484,-0.8079988777637482,-0.4863630056381225,-0.4026835173368456,-0.07913581244647483,0.11513899415731425,0.1857027305662633,0.5744956278801013
706,0.14873521072935117,45.20353656360243,-0.8540357649326324,-0.7396933674812318,-0.49190770387649535,-0.3722769021987915,-0.3307952523231509,-0.22333614677190752,0.011317082494497147,0.06350496023893358,0.09411161698400979
707,0.14873521072935117,57.36152510448679,-2.6744269132614136,-2.3176467895507815,-1.8546018838882448,0.6686084866523745,1.0096255064010615,1.1972477555274972,1.3881963551044463,1.5747037601470948,1.7065874195098885
708,0.14873521072935117,72.7895384398315,-1.656484305858612,0.6585771203041075,0.9661379814147949,1.159720015525818,1.2463376522064205,1.3483774185180664,1.4560694634914397,1.5364402174949645,1.5492308664321908
709,0.14873521072935117,92.36708571873861,-0.8092817962169647,-0.713483464717865,-0.6692848205566406,-0.5181474208831787,-0.3958936378359796,-0.24575142860412594,-0.11512781828641905,-0.06348583787679668,0.05147043276578226
710,0.14873521072935117,117.21022975334806,-0.2672383636236191,-0.2234978824853897,-0.15950206220149996,-0.0935298889875412,-0.07391516119241717,-0.06838048920035357,0.005901431781239754,0.06177068751305347,0.4728576469421388
711,0.14873521072935117,148.73521072935117,-0.023365111090242863,-0.009396383166313175,0.008879795763641595,0.09759707599878314,0.12239991761744022,0.12782342284917833,0.1348594360053539,0.141993096023798,0.15439377948641783
712,0.14873521072935117,188.73918221350976,0.11140644550323486,0.12090403139591217,0.1422305777668953,0.15734432935714723,0.1661299057304859,0.17666174918413163,0.18345728069543837,0.19481205582618713,0.2263805165886879
713,0.14873521072935117,239.5026619987486,0.24268662184476852,0.30820833444595336,0.38186028599739075,0.4279843330383301,0.44563869386911387,0.5004827857017519,0.5353728741407394,0.5463075453042985,0.6131276118755341
714,0.14873521072935117,303.9195382313198,0.1748175099492073,0.2069116473197937,0.21995662450790404,0.2675296783447266,0.30313992649316784,0.3192864418029786,0.35028381049633023,0.371769834458828,0.39294533848762525
715,0.14873521072935117,385.6620421163472,0.06514682620763779,0.08610571026802064,0.09737993404269218,0.1030713826417923,0.11365228928625583,0.12673108726739885,0.14124342277646063,0.15303115665912628,0.15530088156461722
716,0.14873521072935117,489.3900918477494,0.057750433683395386,0.09212689846754074,0.11079734414815902,0.12902384102344513,0.13598769009113312,0.1477007701992989,0.1602729581296444,0.16549193128943443,0.1751823846995831
717,0.14873521072935117,621.0169418915616,0.08187613263726234,0.09150395095348358,0.10684510767459868,0.11906086504459382,0.1270746856927871,0.1628147348761559,0.20398066714406007,0.3225707542896271,0.36711832880973844
718,0.14873521072935117,788.0462815669912,-0.011359989643096924,0.018857416883111,0.03531283177435395,0.06334401071071626,0.10421242564916604,0.1498401015996934,0.22063682898879042,0.296712062060833,0.30412209033966164
719,0.14873521072935117,1000.0,-0.5250965356826782,-0.461905574798584,-0.3643970519304276,-0.12964877039194106,-0.020303496066480877,-0.020146917551755905,0.00014889240264892069,0.0195149975642562,0.08594070807099366
720,0.20433597178569418,1.0,0.27196961641311646,0.44091140031814574,0.8347691178321838,1.4574656963348394,1.9719320058822631,2.1982392549514778,3.360257244110106,4.2350078868865975,5.401185522079484
721,0.20433597178569418,1.2689610031679222,0.212264746427536,0.33083249330520625,0.7028060019016266,1.1240087270736694,1.4293898820877067,2.392256379127503,3.119383716583251,3.7645153212547307,5.532491812705995
722,0.20433597178569418,1.6102620275609394,0.3385673016309738,0.4224240124225616,0.8300870180130004,1.5738349199295045,1.7990092515945433,2.6292349338531555,3.837565064430235,5.939647645950318,7.295485682487495
723,0.20433597178569418,2.043359717856942,0.2140028178691864,0.3435276567935943,0.5833650350570678,1.412408757209778,2.4463718652725217,3.225411009788515,4.593335056304931,5.315315032005311,9.058064117431647
724,0.20433597178569418,2.592943797404667,0.29410092532634735,0.6492951154708863,0.9136295855045317,1.7375277996063239,2.319937586784361,3.4534570693969737,4.042161130905151,4.452201318740846,5.573135066032417
725,0.20433597178569418,3.2903445623126686,0.3764287084341049,0.6435616731643676,1.3741023898124693,1.8227264881134038,2.231908798217773,2.57576870918274,3.491755127906797,5.0414623832702645,6.09064695358277
726,0.20433597178569418,4.1753189365604015,0.2655157148838043,0.9751764059066772,1.435557115077972,2.1363189697265628,2.5077407717704747,3.1102621793746974,4.311990213394163,4.968838024139405,6.015968346595766
727,0.20433597178569418,5.298316906283708,0.7604870796203613,1.0058791637420654,1.304023849964142,1.677867865562439,2.1777137517929073,2.6701179981231697,3.1517792105674727,3.7122458362579347,3.882892539501213
728,0.20433597178569418,6.7233575364993365,0.8381892442703247,0.9331138968467713,1.0666075229644776,1.5207482337951663,2.256797540187834,3.136001181602479,3.622304368019104,3.7280592203140257,5.874104886054998
729,0.20433597178569418,8.531678524172808,0.611343652009964,0.6603444218635559,0.7321708917617796,0.9417874574661256,1.323595637083052,1.6942237496376054,2.2642577528953547,2.81573865890503,4.149204144477846
730,0.20433597178569418,10.826367338740546,0.44908982515335083,0.6266339063644408,0.817534202337265,1.1047629833221435,1.1875281631946557,1.6830220222473162,2.1403485774993887,2.734013397693634,3.2820927381515514
731,0.20433597178569418,13.73823795883263,-0.046709075570106506,0.13334014266729333,0.344420114159584,0.42642584443092346,0.4883806303143499,0.632988888025284,0.896111488342285,1.0539842569828035,1.1425889778137253
732,0.20433597178569418,17.43328822199988,-0.18981873989105225,-0.01890714131295683,0.10322523564100262,0.2811136066913605,0.30358465462923045,0.3331045985221863,0.45264369100332247,0.5878919869661333,0.8944316083192843
733,0.20433597178569418,22.122162910704493,-0.12732788920402527,0.097478349506855,0.3269737780094146,0.5141542911529541,0.5913745582103729,0.6508895039558412,0.9344477504491796,1.3228259336948407,3.003402531147003
734,0.20433597178569418,28.072162039411772,-0.20441138744354248,-0.03627487123012544,0.09559038355946539,0.38389689326286325,0.45785000920295693,0.5192202985286714,0.6388752520084376,0.8409950733184814,1.0849922084808379
735,0.20433597178569418,35.62247890262442,-2.635421395301819,-2.5618873119354246,-2.5001189708709717,-2.381224536895752,-2.241566002368927,-2.142904663085937,-0.5131964579224589,-0.17334053099155425,-0.12747055230662155
736,0.20433597178569418,45.20353656360243,-2.1821861267089844,-1.8322277307510377,-1.6664016962051391,-1.586280632019043,-1.5441399633884432,-1.4794227719306945,-1.0587626397609726,-0.42712557017803177,-0.28415756285190247
737,0.20433597178569418,57.36152510448679,-1.3484705686569214,-1.080662226676941,-0.8182001352310181,-0.5238450169563293,-0.3483483940362931,-0.2761120438575743,-0.078859816491604,0.19351898908615114,1.053350652456284
738,0.20433597178569418,72.7895384398315,0.022548828274011612,0.26590529680252073,1.015827441215515,1.153621506690979,1.26386142373085,1.3155884742736823,1.4766381442546843,1.5446110343933106,1.6660384726524358
739,0.20433597178569418,92.36708571873861,-0.4764494001865387,-0.33375138044357305,-0.19412006139755253,0.04305012151598932,0.11725083775818344,0.20241279751062427,0.2695660099387168,0.29683236867189416,0.4215863066911714
740,0.20433597178569418,117.21022975334806,0.25959011912345886,0.2749398112297058,0.2998467594385147,0.32508156895637513,0.3313155725598335,0.33614912033081057,0.35533758252859116,0.3631018090248108,0.38806632161140464
741,0.20433597178569418,148.73521072935117,0.04077447019517422,0.057873756438493726,0.06637376621365547,0.07926792949438097,0.08750197887420653,0.09002236872911454,0.09958903975784779,0.10139515563845636,0.110037052705884
742,0.20433597178569418,188.73918221350976,0.06700093671679497,0.07174437195062637,0.08140260577201844,0.08789282739162446,0.09137098006904125,0.09507438465952874,0.10422893352806567,0.10919215463101864,0.11380023367702963
743,0.20433597178569418,239.5026619987486,0.06751276180148125,0.12278249561786651,0.13928356319665908,0.16919922828674316,0.17811922878026962,0.18553572893142703,0.2038100183010101,0.22499248415231707,0.2572209355235131
744,0.20433597178569418,303.9195382313198,-0.4365125000476837,-0.25234850645065315,-0.022272944450378425,0.031874182075262096,0.05141701605170954,0.11094279661774638,0.15038909614086152,0.1561222004890442,0.17021655917167666
745,0.20433597178569418,385.6620421163472,0.01661220472306013,0.05015884116292,0.0658433049917221,0.08292736560106277,0.08698841333389282,0.09428077340126043,0.10905320383608341,0.10991570994257928,0.13830096140503886
746,0.20433597178569418,489.3900918477494,-0.08302581682801247,-0.03832033500075341,0.016235429048538204,0.08728578537702561,0.13686384707689278,0.1614369183778763,0.40899656265974005,0.5520668661594391,0.8200672799348836
747,0.20433597178569418,621.0169418915616,0.07203452661633492,0.1200194776058197,0.5719997227191924,0.6939189195632934,0.7467880278825758,0.8126927316188813,0.8549519777297974,0.874823021888733,1.0440139150619512
748,0.20433597178569418,788.0462815669912,0.7205813825130463,0.8083033323287964,0.9143294870853425,1.0982012271881103,1.189306205511093,1.2625678658485415,1.4286172986030576,1.5246724200248718,1.6194672536849977
749,0.20433597178569418,1000.0,0.41407084465026855,0.4684786021709442,0.5218619227409362,0.5849729418754578,0.6202923327684402,0.6559168636798862,0.7669433802366257,0.7860435688495636,0.9435614979267131
750,0.2807216203941176,1.0,0.26152655482292175,0.34540367126464844,0.6407239079475402,0.9456439018249513,1.228914433717727,1.594736361503602,2.4828601002693174,2.812145166397095,2.9998616218566907
751,0.2807216203941176,1.2689610031679222,0.25972117483615875,0.43876022100448603,0.7299522042274474,1.1626670598983766,1.437625527381897,1.7470529794693002,2.2790165305137626,2.547131431102753,2.9249233365058913
752,0.2807216203941176,1.6102620275609394,0.3300940841436386,0.43520047068595885,0.9660142600536341,1.841732907295227,2.6322618961334223,3.43743691444397,4.898943996429443,6.0483758068084725,7.416044697761549
753,0.2807216203941176,2.043359717856942,0.20236065238714218,0.5063607215881347,1.2798954725265497,1.859899544715882,2.337833929061889,2.6502219915390017,3.336050522327421,4.785709438323976,5.739902515411382
754,0.2807216203941176,2.592943797404667,0.476412370800972,0.7709606766700744,1.589549386501312,2.4614109039306644,3.249356782436371,3.807864117622376,5.106182098388669,6.586191210746765,7.408480882644657
755,0.2807216203941176,3.2903445623126686,0.009126845747232437,0.28435669541358943,0.7069095253944396,1.5384231805801396,2.007250308990478,2.1662295818328867,3.4987589478492733,3.941041893959046,4.562519907951356
756,0.2807216203941176,4.1753189365604015,0.380319744348526,0.6872074007987976,1.250919473171234,1.7922272682189944,2.1531356573104854,2.3005029678344737,3.4243228912353514,3.9025671768188483,5.023689689636244
757,0.2807216203941176,5.298316906283708,1.094224750995636,1.2975215196609498,1.435094630718231,1.8245475292205813,2.1369955182075495,2.575257277488709,2.916439580917358,3.0358820295333864,4.767467327117924
758,0.2807216203941176,6.7233575364993365,0.7551665008068085,0.8567715764045715,1.0107670366764068,1.4715234518051148,1.7705506742000579,2.113347172737122,2.5560064315795894,3.715967576503754,4.172950491905214
759,0.2807216203941176,8.531678524172808,0.7186879217624664,0.8621403098106384,1.2364273071289062,1.6186227560043338,1.9159940004348754,2.5508422613143926,2.6697826981544495,3.2132816600799563,3.603593256473547
760,0.2807216203941176,10.826367338740546,0.08535001799464226,0.23212082386016844,0.346987399458885,0.575659191608429,0.8012280404567715,1.111083197593689,1.4605393171310421,1.7585442721843725,2.6702701759338394
761,0.2807216203941176,13.73823795883263,-0.12949899956583977,0.059875571727752666,0.2804391503334045,0.46975040435791016,0.49495469182729696,0.7255589008331299,0.8636725038290023,0.9457842522859573,1.044361125230791
762,0.2807216203941176,17.43328822199988,-0.6488669216632843,-0.26265814900398254,0.08645287156105033,0.3284427642822266,0.4665949806571006,0.5602854967117311,0.7384041279554365,0.851992537379265,1.2177791953086883
763,0.2807216203941176,22.122162910704493,0.08092270791530609,0.36269762516021725,0.6075811743736267,0.9491541385650635,0.9784556716680525,1.0839241266250612,1.2918673872947692,1.5672325682640078,2.5539601254463222
764,0.2807216203941176,28.072162039411772,-3.2461776733398438,-1.3559276819229127,-1.0901866912841798,-0.8805103063583374,-0.8390140771865845,-0.7401321411132812,-0.6782597213983537,-0.6004096280038351,-0.1621584666520355
765,0.2807216203941176,35.62247890262442,-0.15321150422096252,0.045981516689062085,0.2203760802745819,0.45124728083610544,0.539333170652389,0.7060631632804872,0.7926227778196334,0.8143571180105209,0.8297740322351463
766,0.2807216203941176,45.20353656360243,0.5433083474636078,0.638427734375,0.7437272071838379,0.7991409301757812,0.8745124995708464,0.9402389228343966,1.0308689713478087,1.080586805343628,1.133362518548967
767,0.2807216203941176,57.36152510448679,0.04107062518596649,0.08529160618782043,0.16791085451841353,0.25912974476814277,0.342564596235752,0.4647086322307594,0.721815064549446,0.7855248165130616,0.8448276835680015
768,0.2807216203941176,72.7895384398315,0.5540742576122284,0.6373059272766113,0.7361689567565918,0.7830448865890504,0.8360241383314132,0.8837077975273139,1.0142571866512298,1.0336505603790285,1.091721971035004
769,0.2807216203941176,92.36708571873861,0.20730969309806824,0.28298873901367183,0.41478671729564665,0.5159079432487488,0.5674496740102767,0.6244133651256562,0.7406411588191986,0.7531859946250916,0.7962949544191361
770,0.2807216203941176,117.21022975334806,0.17094112187623978,0.17875500321388244,0.19173839688301086,0.20502259135246279,0.20937358513474463,0.2191314235329628,0.22267961427569388,0.2253788021206856,0.23509197741746904
771,0.2807216203941176,148.73521072935117,-0.4689316600561142,-0.4015437066555023,-0.3146995544433594,-0.21812704205512998,-0.18570641726255424,-0.1358012713491915,-0.072823703289032,-0.05202985934913156,-0.008145760563202174
772,0.2807216203941176,188.73918221350976,-0.23469099402427673,-0.20353305339813232,-0.17790036648511887,-0.11607608646154403,-0.08426072448492056,-0.052185786515474265,-0.00829123971052472,0.009783360250294273,0.08873036473989489
773,0.2807216203941176,239.5026619987486,-0.44480468332767487,-0.410040420293808,-0.3476717442274094,-0.27440182566642757,-0.033251794893294655,-0.004215956293045586,0.11569971293210976,0.15781289502978324,0.16512125119566923
774,0.2807216203941176,303.9195382313198,-0.31419599056243896,-0.20620588660240174,-0.09012694805860529,0.10303534716367722,0.11166880168020724,0.12421700134873391,0.13886981084942815,0.15505067825317384,0.16307147160172467
775,0.2807216203941176,385.6620421163472,-0.48653215169906616,-0.42320625185966493,-0.24351765066385272,-0.12754166126251218,-0.09651559628546254,0.010231623984873324,0.024677660223096608,0.02799520608037711,0.04801006946712736
776,0.2807216203941176,489.3900918477494,-0.3570108413696289,-0.24128000140190128,0.028264825418591467,0.08245073407888413,0.11001425087451931,0.12236547619104386,0.1512856602668762,0.17105939760804179,0.18271604120731366
777,0.2807216203941176,621.0169418915616,0.05565102584660053,0.08623732328414917,0.1082853578031063,0.6378050446510315,0.6806020647287369,0.6920008182525635,0.7200520187616348,0.7249467837810516,0.7440100824832918
778,0.2807216203941176,788.0462815669912,0.4777877628803253,0.5147065162658692,0.5407426834106446,0.5709511637687683,0.5909745007753372,0.6033414304256439,0.6566884845495223,0.6839712899923325,0.7961761003732687
779,0.2807216203941176,1000.0,0.2219853550195694,0.23509288728237152,0.2864282548427582,0.3322707414627075,0.346997383236885,0.3767547696828843,0.4635262623429298,0.479476700425148,0.5091535842418679
780,0.38566204211634725,1.0,0.2104848399758339,0.38744181394577026,0.6749950706958769,1.3188294649124148,1.7284428715705824,2.677556514739991,3.8118401408195495,4.004073510169988,9.070585069656376
781,0.38566204211634725,1.2689610031679222,0.18770933151245117,0.5383170962333679,1.0183130264282225,1.9039396762847907,2.811449790000915,3.5111628532409678,4.318220448493957,4.924854836463931,7.1370932674407985
782,0.38566204211634725,1.6102620275609394,0.12178263813257217,0.48259667754173274,1.1982150673866265,2.1987180233001715,2.7573754191398616,3.5799795150756855,4.142343163490295,4.473440856933594,5.794903001785285
783,0.38566204211634725,2.043359717856942,0.17277974635362625,0.46376898884773254,0.6321975469589233,1.1952073097229003,1.2891131341457367,2.0839913129806527,3.375806879997251,5.288365211486817,7.892482614517215
784,0.38566204211634725,2.592943797404667,0.2969590872526169,1.2423931121826173,1.574924087524414,2.4875233173370366,2.9392245769500733,3.230371284484865,4.2894011497497555,4.89769805431366,6.744646329879772
785,0.38566204211634725,3.2903445623126686,0.491091787815094,0.5608315587043762,0.7967680215835571,1.318263053894043,1.719528776407241,2.7791968107223513,3.387813246250152,4.0775217342376715,5.232033524513245
786,0.38566204211634725,4.1753189365604015,0.8402380049228668,1.0473731756210327,1.2603348016738891,1.5199541807174684,1.6608519434928875,2.2756698369979858,2.6255937099456723,4.810240592956544,5.339190335273751
787,0.38566204211634725,5.298316906283708,0.8508458435535431,1.0248764157295225,1.3688023090362547,1.7195585489273073,2.078827655315399,2.351861095428468,2.9958761811256402,3.538221454620362,4.616883420944219
788,0.38566204211634725,6.7233575364993365,0.6225210130214691,0.6832629084587097,0.9320686876773834,1.2224258899688722,1.400705289840698,1.5866713643074053,1.8725610435009,2.094708104133606,2.250402238368994
789,0.38566204211634725,8.531678524172808,-0.2274347022175789,0.10854812711477275,0.47029434144496907,0.8562269210815432,1.0103444695472714,1.3632746100425726,2.5598648190498348,2.903274552822113,3.7996866059303325
790,0.38566204211634725,10.826367338740546,-0.13291583582758904,-0.05115985870361333,0.0939425662159919,0.48691511154174816,0.6476383566856381,0.7860988616943361,0.963381278514862,1.0812620043754577,1.1596231079101564
791,0.38566204211634725,13.73823795883263,-1.202240765094757,-0.963410246372223,-0.8232029676437378,-0.6656441807746887,-0.467030163109304,0.011547379568219222,0.34899644702672933,0.5671427994966507,0.6888914781808858
792,0.38566204211634725,17.43328822199988,-1.0014659464359283,-0.8023645639419555,-0.717662113904953,-0.6041049838066099,-0.4465165436267854,-0.38043443858623494,0.1978656649589533,0.6753305107355119,0.8275220644474032
793,0.38566204211634725,22.122162910704493,-0.5381272733211517,-0.3901426017284394,-0.26947576701641085,0.5625759601593018,0.8368394881486874,1.2598793506622332,1.551546251773834,1.698411067724228,1.8759411072731036
794,0.38566204211634725,28.072162039411772,0.12988001853227615,0.20365644991397858,0.2534589052200317,0.3095375597476959,0.3482209846377372,0.3692407101392747,0.4497098118066787,0.4737544322013855,0.4849970516562464
795,0.38566204211634725,35.62247890262442,0.3168800473213196,0.34944121837615966,0.40068040788173676,0.4707992374897003,0.594105178117752,0.6773588657379152,0.780710983276367,0.8868472039699554,0.9574030572175982
796,0.38566204211634725,45.20353656360243,0.07494386658072472,0.1844429314136505,0.27903064787387843,0.34182546734809877,0.3756776809692382,0.4517769902944565,0.5069747060537338,0.5793655133247376,0.696073268055916
797,0.38566204211634725,57.36152510448679,0.4613755792379379,0.5870010018348694,0.6964183092117309,0.8654706478118896,0.9303283512592315,0.9943484067916871,1.0582107186317442,1.1334257817268372,1.3227735686302187
798,0.38566204211634725,72.7895384398315,-0.08796916902065277,0.003723274404183017,0.09974969029426572,0.1866551160812378,0.21498339995741844,0.25212484598159834,0.3800618350505829,0.407957319021225,0.4614944460988054
799,0.38566204211634725,92.36708571873861,-2.7095542550086975,-0.990747618675232,-0.5485338807106018,-0.005344945937394998,0.10540252663195104,0.30443923175334936,0.4486732348799705,0.532432588338852,0.6273837131261831
800,0.38566204211634725,117.21022975334806,-0.42827849090099335,-0.3079199016094208,-0.2116228953003884,-0.15014058053493498,-0.10625381730496891,-0.08413673341274257,-0.023354043904691934,-0.022191969864070404,-0.011915094717405693
801,0.38566204211634725,148.73521072935117,-0.5647189915180206,-0.47931174635887147,0.04493993967771529,0.06302767097949982,0.06696912795305252,0.07140868529677392,0.08152670003473758,0.08200712241232395,0.09724751375615598
802,0.38566204211634725,188.73918221350976,-0.40799567103385925,-0.2643405139446259,-0.10395161136984829,0.04837127327919013,0.09677058905363081,0.11072093769907955,0.12265017218887804,0.12948841974139214,0.14134965032339097
803,0.38566204211634725,239.5026619987486,-0.4008685052394867,-0.27483619451522834,-0.16250471621751789,-0.07986307144165039,-0.04137296378612526,0.01718915309757012,0.06290227323770523,0.06687796622514726,0.08723989434540276
804,0.38566204211634725,303.9195382313198,-0.45172399282455444,-0.4238599479198456,-0.3319572359323502,-0.10097135454416276,-0.02926750732585789,0.0007646190468222079,0.030150004290044292,0.05556156966835261,0.07724757812917236
805,0.38566204211634725,385.6620421163472,-0.6183307766914368,-0.37089210748672485,-0.30600829720497136,-0.17956468164920802,-0.13510819151997566,-0.12051807269453998,-0.09903306514024736,-0.08525332015007732,-0.05247847165912389
806,0.38566204211634725,489.3900918477494,-0.02584211900830269,-0.01757871024310589,-0.012507300637662411,-0.004056891519576308,0.0029701523599214848,0.007319932710379364,0.011275259498506773,0.016772198490798477,0.03581143058836462
807,0.38566204211634725,621.0169418915616,-0.06370679289102554,-0.05796496421098709,-0.05252626650035382,-0.04180188849568367,-0.03444398231804375,-0.024266746640205377,-0.020146917551755905,-0.02005525445565581,-0.005994155886582147
808,0.38566204211634725,788.0462815669912,-0.42248231172561646,-0.380845719575882,-0.3219134032726288,-0.2608964204788208,-0.25168100520968445,-0.1885311514139174,-0.07275450155138972,-0.054287234954535905,-0.0029997559916227147
809,0.38566204211634725,1000.0,-0.5659576952457428,-0.5429446697235107,-0.5257941365242005,-0.4927871525287628,-0.4829181596636773,-0.4485794603824615,-0.05271136071532965,-0.050627188682556154,-0.03983749590814105
810,0.5298316906283708,1.0,0.17826735228300095,0.31804364323616025,0.5815560400485991,1.002952337265015,1.3505176544189452,1.785494685173036,2.5207222580909727,2.823395202159882,3.443804495334655
811,0.5298316906283708,1.2689610031679222,0.1029517762362957,0.26503548622131345,0.5368515849113462,0.9923752784729005,1.12726753950119,1.3636566400527954,2.9803328871726986,3.1328435254096987,3.693503777980815
812,0.5298316906283708,1.6102620275609394,0.0038344096392393112,0.2471190959215164,0.7365555167198179,1.5871814966201783,2.0849135398864744,2.4970158100128215,3.8238898038864133,4.058951997756958,6.334921822547926
813,0.5298316906283708,2.043359717856942,-0.21395745873451233,0.07443142980337142,1.2400879859924314,1.9319474697113037,2.2344836354255664,2.7148073911666875,3.93182814121246,5.899521560668947,10.965885019302377
814,0.5298316906283708,2.592943797404667,0.1827453225851059,0.41497657895088197,0.8559114456176756,1.3579461097717287,1.702933597564697,2.575772190093995,3.3853336334228517,3.8745687556266786,5.44842792510987
815,0.5298316906283708,3.2903445623126686,0.5011030435562134,0.6455644607543946,0.8585150897502898,1.1002493619918825,1.363919883966446,1.7914122819900513,2.183895015716552,2.847466611862183,3.4568048834800726
816,0.5298316906283708,4.1753189365604015,1.0731404423713684,1.2785387992858888,1.5586692094802856,1.870673751831055,2.3606382012367244,2.692023205757141,3.2028826117515554,4.185774235725403,5.044663219451909
817,0.5298316906283708,5.298316906283708,0.545534610748291,0.6365169763565064,0.8221884310245514,1.2298507213592538,1.753774899244308,2.208958506584168,3.654084551334381,5.141553130149842,6.130427293777473
818,0.5298316906283708,6.7233575364993365,0.4374072402715683,0.7644061803817749,0.9657938599586486,1.3455883502960206,1.7704069077968598,2.042658042907717,2.7001610398292537,3.2734018158912663,4.818278136253365
819,0.5298316906283708,8.531678524172808,-0.414803147315979,-0.08761235922574998,0.040548704192042304,0.1543192744255066,0.231285948306322,0.31817550659179755,0.8170164376497268,0.8823364078998566,1.176681332588202
820,0.5298316906283708,10.826367338740546,-0.7889738976955414,-0.61580468416214,-0.3783771663904192,-0.18094318509101842,-0.08515866696834573,0.04162983968853972,0.2024014689028263,0.2474515457451344,0.2988716736435893
821,0.5298316906283708,13.73823795883263,-1.045260727405548,-0.9193528413772584,-0.6588422119617462,-0.42502464056015005,-0.30578174740076086,-0.11613206714391698,-0.06103809699416176,0.1254481095820666,0.32852162063121815
822,0.5298316906283708,17.43328822199988,-1.1015052199363708,-1.0294353008270263,-0.7950311422348022,-0.6993968486785889,-0.6121703624725342,-0.5296981900930402,0.2866509437561031,0.6348046916723253,0.7861186295747761
823,0.5298316906283708,22.122162910704493,-0.20135898888111115,0.0287191182374954,0.13465252816677092,0.32726508975028995,0.4242494836449622,0.48040790557861335,1.037748748064041,1.1465435767173768,1.1941159927845006
824,0.5298316906283708,28.072162039411772,0.6708481311798096,0.7350533604621887,0.7552245855331421,0.7731754183769226,0.7894016593694687,0.8016746938228607,0.820385217666626,0.8321547454595566,0.8608659690618516
825,0.5298316906283708,35.62247890262442,2.0803924798965454,2.302503824234009,2.613063192367554,2.7122659206390383,2.8292138576507564,2.9245803117752076,3.036045169830322,3.2946231055259707,3.6068427991867087
826,0.5298316906283708,45.20353656360243,0.26618268340826035,0.5587278723716735,1.4041133403778072,1.912911367416382,2.2982453465461714,2.862505674362184,3.259781169891357,3.4847909808158875,3.7440437412261995
827,0.5298316906283708,57.36152510448679,0.20803381502628326,0.2981557786464691,0.388384374976158,0.5083639502525331,0.5655891686677933,0.6321427941322327,0.7602227091789245,0.7878483635187149,0.8513373219966889
828,0.5298316906283708,72.7895384398315,0.02163806091994047,0.08478282541036605,0.12544955983757972,0.16857862770557405,0.19158368632197367,0.21514091044664388,0.2513542875647545,0.2604524612426758,0.27365132033824924
829,0.5298316906283708,92.36708571873861,-1.9157649874687195,-1.7346352338790894,-1.4442903876304627,-0.6407437562942478,0.3869945049285887,0.5576229214668275,0.6268370687961576,0.7154037630558014,0.7729614526033404
830,0.5298316906283708,117.21022975334806,1.2554696798324585,1.4345569610595703,1.5156917572021484,1.6140671014785766,1.6848076581954954,1.8172307133674626,1.9401298880577087,1.976006041765213,2.0491295552253748
831,0.5298316906283708,148.73521072935117,-0.12907490879297256,-0.10970765799283981,-0.08857246711850168,-0.02069562077522277,0.02251539230346676,0.04580698795616631,0.08789564967155455,0.13006680488586428,0.15991109624505045
832,0.5298316906283708,188.73918221350976,-0.2690287083387375,-0.23453590869903565,-0.20448439419269565,-0.15127578079700468,-0.08210720904171476,-0.03838151022791861,-0.020146917551755905,-0.016703491993248453,0.005739276902750135
833,0.5298316906283708,239.5026619987486,-0.016926614567637444,-0.009196819737553598,-0.0031259051989763983,0.00679454654455186,0.014796589221805333,0.021813111379742626,0.03154683522880077,0.03457051929086448,0.05411367472261198
834,0.5298316906283708,303.9195382313198,-0.5367380678653717,-0.4762552082538605,-0.11692065745592119,-0.06355551108717918,-0.04195183012634516,-0.00035992553457608076,0.05323424953967329,0.07640086770057682,0.11219827927649076
835,0.5298316906283708,385.6620421163472,-0.020146917551755905,-0.020146917551755905,-0.011368746170774121,0.009144794382154944,0.014806523174047436,0.027778554707765586,0.048794927820563286,0.05853058815002442,0.10402509517967702
836,0.5298316906283708,489.3900918477494,0.15649449825286865,0.18103840351104736,0.20255717784166336,0.21725477278232574,0.23207062333822248,0.24584573805332186,0.2805354207754135,0.2949418586492539,0.320689443051815
837,0.5298316906283708,621.0169418915616,0.06231036223471165,0.07601243257522583,0.08610650449991226,0.09697339832782746,0.1050280403345823,0.1144532822072506,0.1325783833861351,0.13760366246104241,0.14111811265349392
838,0.5298316906283708,788.0462815669912,0.4759238362312317,0.5087258219718933,0.5600789725780486,0.628183114528656,0.6592158257961273,0.6824682831764223,0.720143061876297,0.741094892024994,0.8194558334350587
839,0.5298316906283708,1000.0,0.7549970746040344,0.8182135224342346,0.849370002746582,0.9203208804130555,0.9808753430843353,1.0082449436187744,1.079219776391983,1.0883938908576967,1.1411963224411013
840,0.7278953843983146,1.0,0.2846803516149521,0.4636963367462158,0.9100663304328919,1.4660919427871708,1.9817691743373866,2.782218861579902,3.87591757774353,3.961026158332825,4.2227098321915335
841,0.7278953843983146,1.2689610031679222,0.16215337812900543,0.4150610983371734,1.1932228803634644,1.6559026002883916,2.128069674968719,2.3816932439804086,4.387043046951294,4.706734499931335,5.749639210700994
842,0.7278953843983146,1.6102620275609394,-0.20578879863023758,0.2648398101329803,0.8505403637886048,1.5892676353454591,1.8958211302757257,2.3365132808685307,3.7325710296630845,4.729405260086061,6.216902537345889
843,0.7278953843983146,2.043359717856942,0.08185559511184692,0.3695241868495941,1.5758090376853935,2.582472896575928,3.0048413395881655,3.607045364379884,4.092908430099487,5.058813066482545,5.922698245048546
844,0.7278953843983146,2.592943797404667,0.3929598927497864,0.607665967941284,1.0086985588073731,1.3984066963195803,1.838564527034759,2.2622185707092286,2.7418993115425105,3.0587432551383977,3.8100242757797322
845,0.7278953843983146,3.2903445623126686,1.2935171127319336,1.6969401359558105,1.9432073593139647,2.1810761451721192,2.3199528455734253,3.072373414039612,3.6858658194541927,4.3769949817657485,7.28641551494599
846,0.7278953843983146,4.1753189365604015,0.9215526580810547,1.149080181121826,1.3852988719940185,2.2387153625488283,2.4507254362106323,3.1468667030334476,3.813604593276977,4.978463544845581,5.25228515625001
847,0.7278953843983146,5.298316906283708,0.5327094793319702,0.6741547584533691,1.0668091773986816,1.8207643985748296,2.3263837099075304,2.7367808103561404,3.136496305465698,3.4800101351737975,3.7355435371398946
848,0.7278953843983146,6.7233575364993365,-0.3798787146806717,-0.22741140127182008,0.272942492365837,0.494103741645813,0.6462826639413832,0.8508477210998546,1.2983785748481744,1.6831831336021428,2.430329928398141
849,0.7278953843983146,8.531678524172808,-0.7506073415279388,-0.5558496356010437,-0.4250952303409577,-0.23290238082408876,-0.10196537673473377,0.024179682508111054,0.23444643318653105,0.255915295481682,0.5783571761846557
850,0.7278953843983146,10.826367338740546,-0.5305198132991791,-0.3777636826038361,-0.2247352659702301,-0.10092253834009168,-0.015585548151284502,0.06575308851897749,0.21380947306752182,0.2954150012135506,0.37721809506416737
851,0.7278953843983146,13.73823795883263,-0.9344136118888855,-0.7510914325714111,-0.6559410989284515,-0.41137674450874323,-0.3468374818563462,-0.25400434881448736,-0.1852336566895249,-0.09435674289241422,0.014768489189447209
852,0.7278953843983146,17.43328822199988,-0.7403849959373474,-0.7030749082565307,-0.6096800684928894,-0.43169826269149775,0.7158671110868433,1.0176756739616395,1.0766324758529662,1.1455543041229248,1.188510687351227
853,0.7278953843983146,22.122162910704493,0.3258882761001587,0.375545871257782,0.42768706679344176,0.4943499624729157,0.5107861280441284,0.5231385231018068,0.5577118515968322,0.5690473139286041,0.5726778203248979
854,0.7278953843983146,28.072162039411772,1.4446158409118652,1.5616402864456176,1.6295788049697877,1.7883546590805053,1.8327559888362883,1.9397522449493412,2.1737093567848205,2.3186415243148804,2.379197120666505
855,0.7278953843983146,35.62247890262442,6.579209804534912,6.685413360595703,6.881724834442139,7.096018218994141,7.195286965370178,7.365985631942752,8.226839971542358,8.369705209732055,8.677794809341432
856,0.7278953843983146,45.20353656360243,9.400611877441406,9.509390830993652,9.737641048431396,9.852845382690429,9.88968653678894,10.005192947387695,10.10717577934265,10.244505090713501,10.792210350036623
857,0.7278953843983146,57.36152510448679,2.011131167411804,2.2270254611968996,2.3484214544296265,2.493471956253052,2.638407015800476,2.748947310447693,3.1462036490440366,3.3276731419563292,3.4429470038414016
858,0.7278953843983146,72.7895384398315,-1.4069147109985352,-1.3417703628540039,-1.2063141226768495,-1.140956497192383,-1.1079585850238802,-1.0421294093132014,-0.9326743453741075,-0.8803655540943146,0.4617849943041804
859,0.7278953843983146,92.36708571873861,4.509997129440308,4.590202808380127,4.688775062561035,4.747750759124756,4.781659364700317,4.8082606315612795,4.8765130043029785,4.926922755241394,4.961797804832459
860,0.7278953843983146,117.21022975334806,2.968876600265503,2.9980218410491943,3.042779779434204,3.086618757247925,3.1158817052841186,3.163056421279907,3.1886932969093325,3.208775215148926,3.230437574386597
861,0.7278953843983146,148.73521072935117,1.7314522862434387,1.8137171983718872,1.9230504989624024,1.9434205055236817,1.954640167951584,1.9984880447387696,2.0580218195915223,2.0747622203826905,2.087041451931
862,0.7278953843983146,188.73918221350976,1.9475675821304321,1.9687796592712403,1.9982876896858215,2.062536668777466,2.09664067029953,2.130906820297241,2.1640180349349976,2.2071195459365844,2.3087246465682982
863,0.7278953843983146,239.5026619987486,1.7479739785194397,1.7903682708740234,1.8370407700538636,2.013870859146118,2.134823369979858,2.192113661766052,2.2717363357543947,2.2845942044258116,2.3130048537254333
864,0.7278953843983146,303.9195382313198,2.7500067949295044,2.8060160160064695,2.869008421897888,3.0247960567474363,3.085348892211914,3.123721861839295,3.2055609941482546,3.241120927333832,3.324678840637207
865,0.7278953843983146,385.6620421163472,2.356457471847534,2.6295989513397218,2.851969289779663,2.9323288917541506,3.0035261869430543,3.024312734603882,3.0800753116607664,3.1401355838775635,3.2136127901077276
866,0.7278953843983146,489.3900918477494,2.7502883672714233,2.886191701889038,2.9611629962921144,3.010478210449219,3.04575971364975,3.107730793952942,3.1901423573493957,3.2767658472061156,3.304830396175385
867,0.7278953843983146,621.0169418915616,1.7896159291267395,1.840855884552002,1.9116825819015504,2.0019029140472413,2.0485148191452027,2.102688074111939,2.529846370220184,2.7022467851638794,2.740988409519197
868,0.7278953843983146,788.0462815669912,3.413681387901306,3.5456181526184083,3.841879963874817,4.416048812866211,4.59071044921875,4.66434531211853,4.7931595087051395,4.828745732307434,4.9296572160720835
869,0.7278953843983146,1000.0,3.271316885948181,3.324521064758301,3.417719769477844,3.458455944061279,3.486379659175873,3.5493901252746585,4.126653170585632,4.185050964355469,4.713835124969483
870,1.0,1.0,0.049757979810237885,0.3185711920261382,0.7255849242210382,1.6883012533187867,2.385465049743651,2.838468790054323,5.083608031272888,5.372051692008973,5.876007118225098
871,1.0,1.2689610031679222,0.23587247729301453,0.5805543303489685,1.1977572083473202,1.9508749723434449,2.5417175054550163,4.173268461227418,5.094384384155271,6.445026483535767,9.179194469451907
872,1.0,1.6102620275609394,-0.3520948141813278,0.04768301434814924,0.6953013062477111,1.3187838077545169,2.5493111133575423,3.4136724472045925,4.0478120803833,4.233374133110047,4.576212468147282
873,1.0,2.043359717856942,0.4246278554201126,0.564296305179596,0.8179845571517944,1.4380065679550174,1.9665072321891783,2.883513450622559,4.272398138046264,4.464487519264222,6.8846294450760075
874,1.0,2.592943797404667,1.1327130794525146,1.3042035341262816,1.5698846936225892,1.8417510032653808,2.052302658557892,2.200422096252442,2.8025756716728205,3.274080393314362,3.7674742460250874
875,1.0,3.2903445623126686,1.0583588480949402,1.5657286405563353,1.8314782619476317,2.374214315414429,2.9798335671424865,3.3466013193130526,4.492893981933592,5.232831521034241,5.927172098159796
876,1.0,4.1753189365604015,1.0079948604106903,1.5007095813751221,1.8684543967247007,2.362029695510864,2.6858920693397517,2.943225383758545,3.1238250017166136,3.354372928142548,3.5889387083053688
877,1.0,5.298316906283708,-0.1820833534002304,0.12213325351476667,0.5110407352447509,0.8596901059150697,1.0108910679817198,1.7116142988204963,2.522031784057615,3.72888730764389,4.367131471633912
878,1.0,6.7233575364993365,-0.6547132134437561,-0.40638978481292726,-0.23945275992155082,-0.011303090304136197,0.05082010179758041,0.33137093782424926,0.46857552081346504,0.49440208673477193,0.6940806579589844
879,1.0,8.531678524172808,-1.2600375413894653,-0.5445794105529786,-0.18332369178533559,-0.05623629391193384,0.0050438797334208425,0.09665358588099483,0.2377512104809284,0.2921771442890168,0.3681171473860747
880,1.0,10.826367338740546,-0.8059564530849457,-0.4053585946559906,-0.2656670153141022,-0.15648513287305818,-0.0756251474842431,0.024676586315036542,0.22571330592036243,0.25642581701278694,0.32687282443046595
881,1.0,13.73823795883263,-1.3898510932922363,-1.3071771144866944,-1.1594269514083861,-1.0661694765090943,-1.0218436568975453,-0.9036030650138854,-0.763112622499466,-0.683393605351448,-0.5072676114458564
882,1.0,17.43328822199988,0.07406667247414589,0.11339628249406812,0.16005684733390807,0.22327618002891544,0.26470091640949245,0.36099709868431096,0.3800655707716941,0.3980180233716965,0.43153261870145804
883,1.0,22.122162910704493,0.32026831805706024,0.3769363224506378,0.4090204298496246,0.470601886510849,0.5030127495527267,0.5273297488689423,0.5474697858095169,0.5522166329622269,0.6432288479804998
884,1.0,28.072162039411772,0.024229321628808975,0.24134013056755066,0.37660568952560414,0.6464255452156068,0.8164290010929104,0.9624566733837131,1.2109091520309447,2.2386581873893743,2.917567231655123
885,1.0,35.62247890262442,2.4003316164016724,2.492949914932251,2.6324936628341673,2.755840301513672,2.843464148044586,2.9082594871520997,2.9572744846343992,2.9843651318550113,3.1159491872787486
886,1.0,45.20353656360243,3.079050064086914,3.1970301628112794,3.3520190715789795,3.4256575584411624,3.498093426227569,3.633603143692017,3.7972296833992005,3.8667130208015443,3.91003954410553
887,1.0,57.36152510448679,4.394680500030518,4.540438842773438,4.787336730957031,5.018800735473633,5.127321648597716,5.3864637374877935,5.654699444770813,5.714819221496582,5.958042688369753
888,1.0,72.7895384398315,3.4226596355438232,3.57995228767395,3.7071528673171996,3.829668378829956,3.9337307095527647,4.044660997390747,4.4223706245422365,4.5198397016525265,4.634169149398808
889,1.0,92.36708571873861,1.9970032572746277,2.0582398891448976,2.1042452096939086,2.1725869178771973,2.184097599983215,2.220479393005371,2.246779727935791,2.313683342933655,2.3517423415184022
890,1.0,117.21022975334806,-0.9552232623100281,-0.9244209408760071,-0.8718751072883606,-0.8334254860877991,-0.7842762917280198,-0.7556343734264372,-0.7147689878940583,-0.6702142751216889,-0.6024254137277603
891,1.0,148.73521072935117,-1.5508940815925598,-1.5032593488693238,-1.4631850242614746,-1.4199714660644531,-1.4028772175312043,-1.3525763630867003,-1.3065859198570253,-1.220618997812271,-1.204868996143341
892,1.0,188.73918221350976,0.07149068266153336,0.09649376422166824,0.12802129685878752,0.14981772005558017,0.17334733083844178,0.18974919915199287,0.23518001288175583,0.2478728397190571,0.3201066637039188
893,1.0,239.5026619987486,1.470352292060852,1.48688485622406,1.5433208107948302,1.5754734516143798,1.5903337240219115,1.6079555392265321,1.651189637184143,1.672197104692459,1.677884818315506
894,1.0,303.9195382313198,0.43753641843795776,0.5057251930236817,0.5384080648422241,0.5845271944999695,0.6043147265911102,0.6321859180927277,0.688867399096489,0.7063200229406357,0.7419857674837115
895,1.0,385.6620421163472,0.9298188388347626,0.9610286951065063,1.0149882912635804,1.0451219081878662,1.0834275364875794,1.1092254877090455,1.1507495999336241,1.1596757471561432,1.195810451507569
896,1.0,489.3900918477494,0.6615541577339172,0.7000611662864685,0.7413468182086944,0.783926272392273,0.8161183029413224,0.8253281056880951,0.8736650258302687,0.9309449982643128,1.0500779104232794
897,1.0,621.0169418915616,1.4172772765159607,1.4405905246734618,1.4802579402923584,1.5281405687332155,1.5525103390216828,1.5856517672538757,1.6350628435611725,1.6399101030826568,1.6926588726043703
898,1.0,788.0462815669912,2.134669065475464,2.1707468032836914,2.2400591135025025,2.313105010986328,2.3513750433921814,2.3800891876220707,2.4575058817863464,2.475697114467621,2.4844332981109623
899,1.0,1000.0,2.247857451438904,2.328010320663452,2.421028089523315,2.5916150093078616,2.635910248756409,2.6794204235076906,2.7239488124847413,2.74371768951416,2.765270192623139
